component_a,component_b,hvtype,kijsrk,kijtsrk,kij_pr,kijtpr,kijpcsaft,hvalpha,hvgij,hvgji,wstype,nrtlalpha,nrtlgij,nrtlgji,gijvisc,hvgijt,hvgjit,wsgijt,wsgjit,cpakij_srk,cpakijt_srk,cpakijx_srk,cpakjix_srk,cpakij_pr,kijwsunifac,cpabetacross,cpaepscross,kijwhitsonsoriede
water,methane,HV,0.45,0.0,0.651,-1.385,0.0,0.15,-123.6011438,4875.094236,WS,0.0,26.6,-142.2,0.0,2.137853939,-6.549655038,0.0,0.0,-0.827413423,0.0026055,-0.827413423,-0.827413423,0.161199631,0.0,0.0,0.0,0.485
ethanol,methane,HV,0.13,0.0,0.13,0.0,0.0,0.395,1610.0,255.0,WS,0.0,521.5,-2.056,0.0,0.0,0.0,0.0,0.0,0.0,0.0,0.0,0.0,0.0,0.0,0.0,0.0,0.13
meg,methane,Classic,0.2,0.0,0.2,0.0,0.0,0.3656,2063.0,601.7,Classic,0.0,2063.0,601.7,0.0,0.0,0.0,0.0,0.0,0.134,0.0,0.131438242,0.07021285,0.134,0.0,0.0,0.0,0.2
deg,methane,Classic,0.2,0.0,0.2,0.0,0.0,0.3656,2063.0,601.7,Classic,0.0,2063.0,601.7,0.0,0.0,0.0,0.0,0.0,0.0,0.0,0.0,0.0,0.0,0.0,0.0,0.0,0.2
teg,methane,Classic,0.2,0.0,0.2,0.0,0.0,0.3656,2063.0,601.7,Classic,0.0,-328.6,-2.056,-15.0,0.0,0.0,0.0,0.0,0.13,0.0,0.162,0.13,0.0,0.0,0.0,0.0,0.2
nacl,methane,HV,2.02,0.0,2.02,0.0,0.0,0.084,7623.0,5281.0,WS,0.0,7623.0,5281.0,0.0,0.0,0.0,0.0,0.0,0.0,0.0,0.0,0.0,0.0,0.0,0.0,0.0,2.02
cacl2,methane,HV,2.07,0.0,2.07,0.0,0.0,0.055,8790.0,14765.0,WS,0.0,8790.0,14765.0,0.0,0.0,0.0,0.0,0.0,0.0,0.0,0.0,0.0,0.0,0.0,0.0,0.0,2.07
helium,methane,Classic,0.0,0.0,0.0,0.0,0.0,0.0,0.0,0.0,Classic,0.0,0.0,0.0,0.0,0.0,0.0,0.0,0.0,0.0,0.0,0.0,0.0,0.0,0.0,0.0,0.0,0.0
hydrogen,methane,Classic,0.01,0.0,0.01,0.0,-0.0222,0.0,0.0,0.0,Classic,0.0,0.0,0.0,0.0,0.0,0.0,0.0,0.0,0.01,0.0,0.01,0.01,0.01,0.0,0.0,0.0,0.01
nitrogen,methane,Classic,0.0319,0.0,0.0319,0.0,0.0311,0.0,0.0,0.0,Classic,0.0,0.0,0.0,0.0,0.0,0.0,0.0,0.0,0.02,0.0,0.02,0.02,0.02,0.0,0.0,0.0,0.0311
argon,methane,Classic,0.0252,0.0,0.0252,0.0,0.0,0.0,0.0,0.0,Classic,0.0,0.0,0.0,0.0,0.0,0.0,0.0,0.0,0.0252,0.0,0.0252,0.0252,0.0252,0.0,0.0,0.0,0.0252
oxygen,methane,Classic,0.0,0.0,0.0,0.0,0.0,0.0,0.0,0.0,Classic,0.0,0.0,0.0,0.0,0.0,0.0,0.0,0.0,0.0,0.0,0.0,0.0,0.0,0.0,0.0,0.0,0.0
co2,methane,Classic,0.0973,0.0,0.0973,0.0,0.051,0.0,0.0,0.0,Classic,0.0,0.0,0.0,0.0,0.0,0.0,0.0,0.0,0.0973,0.0,0.0973,0.0973,0.0956,0.0,0.085,0.0,0.107
h2s,methane,Classic,0.085,0.0,0.08,0.0,0.033,0.0,0.0,0.0,Classic,0.0,0.0,0.0,0.0,0.0,0.0,0.0,0.0,0.08,0.0,0.08,0.08,0.08,0.0,0.0,0.0,0.08
ethane,methane,Classic,0.00295295,0.0,0.00295295,0.0,0.003,0.0,0.0,0.0,Classic,0.0,0.0,0.0,0.0,0.0,0.0,0.0,0.0,0.00295295,0.0,0.00295295,0.00295295,0.00295295,0.0,0.0,0.0,0.0026
propane,methane,Classic,0.00747722,0.0,0.00747722,0.0,0.014,0.0,0.0,0.0,Classic,0.0,0.0,0.0,0.0,0.0,0.0,0.0,0.0,0.00747722,0.0,0.00747722,0.00747722,0.00747722,0.0,0.0,0.0,0.014
c-propane,methane,Classic,0.0,0.0,0.0,0.0,0.0,0.0,0.0,0.0,Classic,0.0,0.0,0.0,0.0,0.0,0.0,0.0,0.0,0.0,0.0,0.0,0.0,0.0,0.0,0.0,0.0,0.0
i-butane,methane,Classic,0.01369935,0.0,0.01369935,0.0,0.0,0.0,0.0,0.0,Classic,0.0,0.0,0.0,0.0,0.0,0.0,0.0,0.0,0.0,0.0,0.0,0.0,0.0,0.0,0.0,0.0,0.01369935
n-butane,methane,Classic,0.01289789,0.0,0.01289789,0.0,0.022,0.0,0.0,0.0,Classic,0.0,0.0,0.0,0.0,0.0,0.0,0.0,0.0,0.0,0.0,0.0,0.0,0.0,0.0,0.0,0.0,0.0133
c-c4,methane,Classic,0.0,0.0,0.0,0.0,0.0,0.0,0.0,0.0,Classic,0.0,0.0,0.0,0.0,0.0,0.0,0.0,0.0,0.0,0.0,0.0,0.0,0.0,0.0,0.0,0.0,0.0
i-pentane,methane,Classic,0.01817552,0.0,0.01817552,0.0,0.0,0.0,0.0,0.0,Classic,0.0,0.0,0.0,0.0,0.0,0.0,0.0,0.0,0.0,0.0,0.0,0.0,0.0,0.0,0.0,0.0,0.01817552
n-pentane,methane,Classic,0.01847102,0.0,0.01847102,0.0,0.023,0.0,0.0,0.0,Classic,0.0,0.0,0.0,0.0,0.0,0.0,0.0,0.0,0.0,0.0,0.0,0.0,0.0,0.0,0.0,0.0,0.0236
2-m-c5,methane,Classic,0.0,0.0,0.0,0.0,0.0,0.0,0.0,0.0,Classic,0.0,0.0,0.0,0.0,0.0,0.0,0.0,0.0,0.0,0.0,0.0,0.0,0.0,0.0,0.0,0.0,0.0
3-m-c5,methane,Classic,0.0,0.0,0.0,0.0,0.0,0.0,0.0,0.0,Classic,0.0,0.0,0.0,0.0,0.0,0.0,0.0,0.0,0.0,0.0,0.0,0.0,0.0,0.0,0.0,0.0,0.0
n-hexane,methane,Classic,0.023474067,0.0,0.023474067,0.0,0.03,0.0,0.0,0.0,Classic,0.0,0.0,0.0,0.0,0.0,0.0,0.0,0.0,0.0,0.0,0.0,0.0,0.0,0.0,0.0,0.0,0.0422
benzene,methane,Classic,0.0209,0.0,0.0,0.0,0.036,0.0,0.0,0.0,Classic,0.0,0.0,0.0,0.0,0.0,0.0,0.0,0.0,0.0209,0.0,0.0209,0.0209,0.0,0.0,0.0,0.0,0.0
c-hexane,methane,Classic,0.0,0.0,0.0,0.0,0.0,0.0,0.0,0.0,Classic,0.0,0.0,0.0,0.0,0.0,0.0,0.0,0.0,0.0,0.0,0.0,0.0,0.0,0.0,0.0,0.0,0.0
223-tm-c4,methane,Classic,0.0,0.0,0.0,0.0,0.0,0.0,0.0,0.0,Classic,0.0,0.0,0.0,0.0,0.0,0.0,0.0,0.0,0.0,0.0,0.0,0.0,0.0,0.0,0.0,0.0,0.0
n-heptane,methane,Classic,0.0307,0.0,0.0,0.0,0.028,0.0,0.0,0.0,Classic,0.0,0.0,0.0,0.0,0.0,0.0,0.0,0.0,0.0,0.0,0.0,0.0,0.0,0.0,0.0,0.0,0.0352
toluene,methane,Classic,0.0,0.0,0.0,0.0,0.0,0.0,0.0,0.0,Classic,0.0,0.0,0.0,0.0,0.0,0.0,0.0,0.0,0.0,0.0,0.0,0.0,0.0,0.0,0.0,0.0,0.0
c-c7,methane,Classic,0.0,0.0,0.0,0.0,0.0,0.0,0.0,0.0,Classic,0.0,0.0,0.0,0.0,0.0,0.0,0.0,0.0,0.0,0.0,0.0,0.0,0.0,0.0,0.0,0.0,0.0
c-c8,methane,Classic,0.0,0.0,0.0,0.0,0.0,0.0,0.0,0.0,Classic,0.0,0.0,0.0,0.0,0.0,0.0,0.0,0.0,0.0,0.0,0.0,0.0,0.0,0.0,0.0,0.0,0.0
mdea+,methane,Classic,0.0,0.0,0.0,0.0,0.0,0.0,0.0,0.0,Classic,0.0,0.0,0.0,0.0,0.0,0.0,0.0,0.0,0.0,0.0,0.0,0.0,0.0,0.0,0.0,0.0,0.0
h3o+,methane,Classic,0.0,0.0,0.0,0.0,0.0,0.0,0.0,0.0,Classic,0.0,0.0,0.0,0.0,0.0,0.0,0.0,0.0,0.0,0.0,0.0,0.0,0.0,0.0,0.0,0.0,0.0
mdea,methane,Classic,0.599959902,0.0,0.646504377,0.0,0.0,0.122,2467.0,274.0,Classic,0.0,0.0,0.0,0.0,0.0,0.0,0.0,0.0,0.0,0.0,0.0,0.0,0.0,0.0,0.0,0.0,0.646504377
hco3-,methane,Classic,0.0,0.0,0.0,0.0,0.0,0.0,0.0,0.0,Classic,0.0,0.0,0.0,0.0,0.0,0.0,0.0,0.0,0.0,0.0,0.0,0.0,0.0,0.0,0.0,0.0,0.0
oh-,methane,Classic,0.0,0.0,0.0,0.0,0.0,0.0,0.0,0.0,Classic,0.0,0.0,0.0,0.0,0.0,0.0,0.0,0.0,0.0,0.0,0.0,0.0,0.0,0.0,0.0,0.0,0.0
na+,methane,Classic,1.0,0.0,1.0,0.0,0.0,0.0,0.0,0.0,Classic,0.0,0.0,0.0,0.0,0.0,0.0,0.0,0.0,0.0,0.0,0.0,0.0,1.0,0.0,0.0,0.0,1.0
cl-,methane,Classic,1.0,0.0,1.0,0.0,0.0,0.0,0.0,0.0,Classic,0.0,0.0,0.0,0.0,0.0,0.0,0.0,0.0,0.0,0.0,0.0,0.0,1.0,0.0,0.0,0.0,1.0
ca++,methane,Classic,1.0,0.0,1.0,0.0,0.0,0.0,0.0,0.0,Classic,0.0,0.0,0.0,0.0,0.0,0.0,0.0,0.0,0.0,0.0,0.0,0.0,1.0,0.0,0.0,0.0,1.0
li+,methane,Classic,1.0,0.0,1.0,0.0,0.0,0.0,0.0,0.0,Classic,0.0,0.0,0.0,0.0,0.0,0.0,0.0,0.0,0.0,0.0,0.0,0.0,1.0,0.0,0.0,0.0,1.0
br-,methane,Classic,1.0,0.0,1.0,0.0,0.0,0.0,0.0,0.0,Classic,0.0,0.0,0.0,0.0,0.0,0.0,0.0,0.0,0.0,0.0,0.0,0.0,1.0,0.0,0.0,0.0,1.0
nh4+,methane,Classic,1.0,0.0,1.0,0.0,0.0,0.0,0.0,0.0,Classic,0.0,0.0,0.0,0.0,0.0,0.0,0.0,0.0,0.0,0.0,0.0,0.0,1.0,0.0,0.0,0.0,1.0
co3--,methane,Classic,1.0,0.0,1.0,0.0,0.0,0.0,0.0,0.0,Classic,0.0,0.0,0.0,0.0,0.0,0.0,0.0,0.0,0.0,0.0,0.0,0.0,1.0,0.0,0.0,0.0,1.0
deacoo-,methane,Classic,1.0,0.0,1.0,0.0,0.0,0.0,0.0,0.0,Classic,0.0,0.0,0.0,0.0,0.0,0.0,0.0,0.0,0.0,0.0,0.0,0.0,1.0,0.0,0.0,0.0,0.0
dea,methane,Classic,1.0,0.0,1.0,0.0,0.0,0.0,0.0,0.0,Classic,0.0,0.0,0.0,0.0,0.0,0.0,0.0,0.0,0.0,0.0,0.0,0.0,1.0,0.0,0.0,0.0,0.0
dea+,methane,Classic,1.0,0.0,1.0,0.0,0.0,0.0,0.0,0.0,Classic,0.0,0.0,0.0,0.0,0.0,0.0,0.0,0.0,0.0,0.0,0.0,0.0,1.0,0.0,0.0,0.0,0.0
k+,methane,Classic,1.0,0.0,1.0,0.0,0.0,0.0,0.0,0.0,Classic,0.0,0.0,0.0,0.0,0.0,0.0,0.0,0.0,0.0,0.0,0.0,0.0,1.0,0.0,0.0,0.0,0.0
hs-,methane,Classic,1.0,0.0,1.0,0.0,0.0,0.0,0.0,0.0,Classic,0.0,0.0,0.0,0.0,0.0,0.0,0.0,0.0,0.0,0.0,0.0,0.0,1.0,0.0,0.0,0.0,0.0
s--,methane,Classic,1.0,0.0,1.0,0.0,0.0,0.0,0.0,0.0,Classic,0.0,0.0,0.0,0.0,0.0,0.0,0.0,0.0,0.0,0.0,0.0,0.0,1.0,0.0,0.0,0.0,0.0
i-,methane,Classic,1.0,0.0,1.0,0.0,0.0,0.0,0.0,0.0,Classic,0.0,0.0,0.0,0.0,0.0,0.0,0.0,0.0,0.0,0.0,0.0,0.0,1.0,0.0,0.0,0.0,0.0
mg++,methane,Classic,0.0,0.0,1.0,0.0,0.0,0.0,0.0,0.0,Classic,0.0,0.0,0.0,0.0,0.0,0.0,0.0,0.0,0.0,0.0,0.0,0.0,0.0,0.0,0.0,0.0,0.0
ba++,methane,Classic,0.0,0.0,1.0,0.0,0.0,0.0,0.0,0.0,Classic,0.0,0.0,0.0,0.0,0.0,0.0,0.0,0.0,0.0,0.0,0.0,0.0,0.0,0.0,0.0,0.0,0.0
sr++,methane,Classic,0.0,0.0,1.0,0.0,0.0,0.0,0.0,0.0,Classic,0.0,0.0,0.0,0.0,0.0,0.0,0.0,0.0,0.0,0.0,0.0,0.0,0.0,0.0,0.0,0.0,0.0
methanol,ethane,HV,0.19,0.0,0.19,0.0,0.0,0.395,2005.0,494.0,WS,0.395,2005.0,494.0,0.0,0.0,0.0,0.0,0.0,0.014,0.0,0.014,0.014,0.014,0.0,0.0,0.0,0.19
ethanol,ethane,HV,0.19,0.0,0.19,0.0,0.0,0.395,2005.0,494.0,WS,0.395,2005.0,494.0,0.0,0.0,0.0,0.0,0.0,-0.055,0.0,-0.055,-0.055,-0.055,0.0,0.0,0.0,0.19
meg,ethane,Classic,0.2,0.0,0.2,0.0,0.0,0.3656,2063.0,601.7,Classic,0.3656,2063.0,601.7,0.0,0.0,0.0,0.0,0.0,0.1153,0.0,0.1153,0.1153,0.1153,0.0,0.0,0.0,0.2
deg,ethane,Classic,0.2,0.0,0.2,0.0,0.0,0.3656,2063.0,601.7,Classic,0.3656,2063.0,601.7,0.0,0.0,0.0,0.0,0.0,0.0,0.0,0.0,0.0,0.0,0.0,0.0,0.0,0.2
teg,ethane,Classic,0.2,0.0,0.2,0.0,0.0,0.3656,2063.0,601.7,Classic,0.3656,2063.0,601.7,0.0,0.0,0.0,0.0,0.0,0.11,0.0,0.11,0.11,0.11,0.0,0.0,0.0,0.2
nacl,ethane,Classic,0.78,0.0,0.78,0.0,0.0,0.062,12235.0,4227.0,Classic,0.062,12235.0,4227.0,0.0,0.0,0.0,0.0,0.0,0.0,0.0,0.0,0.0,0.0,0.0,0.0,0.0,0.78
cacl2,ethane,Classic,1.18,0.0,1.18,0.0,0.0,0.0364,99000.0,3080.0,Classic,0.0364,99000.0,3080.0,0.0,0.0,0.0,0.0,0.0,0.0,0.0,0.0,0.0,0.0,0.0,0.0,0.0,1.18
helium,ethane,Classic,0.0,0.0,0.0,0.0,0.0,0.0,0.0,0.0,Classic,0.0,0.0,0.0,0.0,0.0,0.0,0.0,0.0,0.0,0.0,0.0,0.0,0.0,0.0,0.0,0.0,0.0
hydrogen,ethane,Classic,0.0367,0.0,0.0367,0.0,0.0,0.0,0.0,0.0,Classic,0.0,0.0,0.0,0.0,0.0,0.0,0.0,0.0,0.0367,0.0,0.0367,0.0367,0.0367,0.0,0.0,0.0,0.0367
nitrogen,ethane,Classic,0.0388,0.0,0.0388,0.0,0.0515,0.0,0.0,0.0,Classic,0.0,0.0,0.0,0.0,0.0,0.0,0.0,0.0,0.031899,0.0,0.031899,0.031899,0.031899,0.0,0.0,0.0,0.0515
co2,ethane,Classic,0.1346,0.0,0.12980001,0.0,0.093,0.0,0.0,0.0,Classic,0.0,0.0,0.0,0.0,0.0,0.0,0.0,0.0,0.12,0.0,0.12,0.12,0.12,0.0,0.0,0.0,0.1322
h2s,ethane,Classic,0.0829,0.0,0.07,0.0,0.055,0.0,0.0,0.0,Classic,0.0,0.0,0.0,0.0,0.0,0.0,0.0,0.0,0.07,0.0,0.07,0.07,0.07,0.0,0.0,0.0,0.07
propane,ethane,Classic,0.00185286,0.0,0.00185286,0.0,0.003,0.0,0.0,0.0,Classic,0.0,0.0,0.0,0.0,0.0,0.0,0.0,0.0,0.00185286,0.0,0.00185286,0.00185286,0.00185286,0.0,0.0,0.0,0.0011
c-propane,ethane,Classic,0.0,0.0,0.0,0.0,0.0,0.0,0.0,0.0,Classic,0.0,0.0,0.0,0.0,0.0,0.0,0.0,0.0,0.0,0.0,0.0,0.0,0.0,0.0,0.0,0.0,0.0
i-butane,ethane,Classic,0.00511365,0.0,0.00511365,0.0,0.0,0.0,0.0,0.0,Classic,0.0,0.0,0.0,0.0,0.0,0.0,0.0,0.0,0.0,0.0,0.0,0.0,0.0,0.0,0.0,0.0,0.00511365
n-butane,ethane,Classic,0.00464288,0.0,0.00464288,0.0,0.007,0.0,0.0,0.0,Classic,0.0,0.0,0.0,0.0,0.0,0.0,0.0,0.0,0.0,0.0,0.0,0.0,0.0,0.0,0.0,0.0,0.0096
c-c4,ethane,Classic,0.0,0.0,0.0,0.0,0.0,0.0,0.0,0.0,Classic,0.0,0.0,0.0,0.0,0.0,0.0,0.0,0.0,0.0,0.0,0.0,0.0,0.0,0.0,0.0,0.0,0.0
i-pentane,ethane,Classic,0.00791956,0.0,0.00791956,0.0,0.0,0.0,0.0,0.0,Classic,0.0,0.0,0.0,0.0,0.0,0.0,0.0,0.0,0.0,0.0,0.0,0.0,0.0,0.0,0.0,0.0,0.00791956
n-pentane,ethane,Classic,0.00811359,0.0,0.00811359,0.0,0.0,0.0,0.0,0.0,Classic,0.0,0.0,0.0,0.0,0.0,0.0,0.0,0.0,0.0,0.0,0.0,0.0,0.0,0.0,0.0,0.0,0.0078
2-m-c5,ethane,Classic,0.0,0.0,0.0,0.0,0.0,0.0,0.0,0.0,Classic,0.0,0.0,0.0,0.0,0.0,0.0,0.0,0.0,0.0,0.0,0.0,0.0,0.0,0.0,0.0,0.0,0.0
3-m-c5,ethane,Classic,0.0,0.0,0.0,0.0,0.0,0.0,0.0,0.0,Classic,0.0,0.0,0.0,0.0,0.0,0.0,0.0,0.0,0.0,0.0,0.0,0.0,0.0,0.0,0.0,0.0,0.0
n-hexane,ethane,Classic,0.0,0.0,0.0,0.0,0.0,0.0,0.0,0.0,Classic,0.0,0.0,0.0,0.0,0.0,0.0,0.0,0.0,0.0,0.0,0.0,0.0,0.0,0.0,0.0,0.0,0.014
benzene,ethane,Classic,0.0289,0.0,0.0,0.0,0.025,0.0,0.0,0.0,Classic,0.0,0.0,0.0,0.0,0.0,0.0,0.0,0.0,0.0,0.0,0.0,0.0,0.0,0.0,0.0,0.0,0.0
c-hexane,ethane,Classic,0.0,0.0,0.0,0.0,0.0,0.0,0.0,0.0,Classic,0.0,0.0,0.0,0.0,0.0,0.0,0.0,0.0,0.0,0.0,0.0,0.0,0.0,0.0,0.0,0.0,0.0
223-tm-c4,ethane,Classic,0.0,0.0,0.0,0.0,0.0,0.0,0.0,0.0,Classic,0.0,0.0,0.0,0.0,0.0,0.0,0.0,0.0,0.0,0.0,0.0,0.0,0.0,0.0,0.0,0.0,0.0
n-heptane,ethane,Classic,0.0,0.0,0.0,0.0,0.0,0.0,0.0,0.0,Classic,0.0,0.0,0.0,0.0,0.0,0.0,0.0,0.0,0.0,0.0,0.0,0.0,0.0,0.0,0.0,0.0,0.015
toluene,ethane,Classic,0.0,0.0,0.0,0.0,0.0,0.0,0.0,0.0,Classic,0.0,0.0,0.0,0.0,0.0,0.0,0.0,0.0,0.0,0.0,0.0,0.0,0.0,0.0,0.0,0.0,0.0
c-c7,ethane,Classic,0.0,0.0,0.0,0.0,0.0,0.0,0.0,0.0,Classic,0.0,0.0,0.0,0.0,0.0,0.0,0.0,0.0,0.0,0.0,0.0,0.0,0.0,0.0,0.0,0.0,0.0
c-c8,ethane,Classic,0.0,0.0,0.0,0.0,0.0,0.0,0.0,0.0,Classic,0.0,0.0,0.0,0.0,0.0,0.0,0.0,0.0,0.0,0.0,0.0,0.0,0.0,0.0,0.0,0.0,0.0
h3o+,ethane,Classic,0.0,0.0,0.0,0.0,0.0,0.0,0.0,0.0,Classic,0.0,0.0,0.0,0.0,0.0,0.0,0.0,0.0,0.0,0.0,0.0,0.0,0.0,0.0,0.0,0.0,0.0
mdea,ethane,Classic,0.0,0.0,0.0,0.0,0.0,0.0,0.0,0.0,Classic,0.0,0.0,0.0,0.0,0.0,0.0,0.0,0.0,0.0,0.0,0.0,0.0,0.0,0.0,0.0,0.0,0.0
hco3-,ethane,Classic,0.0,0.0,0.0,0.0,0.0,0.0,0.0,0.0,Classic,0.0,0.0,0.0,0.0,0.0,0.0,0.0,0.0,0.0,0.0,0.0,0.0,0.0,0.0,0.0,0.0,0.0
oh-,ethane,Classic,0.0,0.0,0.0,0.0,0.0,0.0,0.0,0.0,Classic,0.0,0.0,0.0,0.0,0.0,0.0,0.0,0.0,0.0,0.0,0.0,0.0,0.0,0.0,0.0,0.0,0.0
na+,ethane,Classic,0.0,0.0,0.0,0.0,0.0,0.0,0.0,0.0,Classic,0.0,0.0,0.0,0.0,0.0,0.0,0.0,0.0,0.0,0.0,0.0,0.0,0.0,0.0,0.0,0.0,0.0
cl-,ethane,Classic,0.0,0.0,0.0,0.0,0.0,0.0,0.0,0.0,Classic,0.0,0.0,0.0,0.0,0.0,0.0,0.0,0.0,0.0,0.0,0.0,0.0,0.0,0.0,0.0,0.0,0.0
ca++,ethane,Classic,0.0,0.0,0.0,0.0,0.0,0.0,0.0,0.0,Classic,0.0,0.0,0.0,0.0,0.0,0.0,0.0,0.0,0.0,0.0,0.0,0.0,0.0,0.0,0.0,0.0,0.0
li+,ethane,Classic,0.0,0.0,0.0,0.0,0.0,0.0,0.0,0.0,Classic,0.0,0.0,0.0,0.0,0.0,0.0,0.0,0.0,0.0,0.0,0.0,0.0,0.0,0.0,0.0,0.0,0.0
br-,ethane,Classic,0.0,0.0,0.0,0.0,0.0,0.0,0.0,0.0,Classic,0.0,0.0,0.0,0.0,0.0,0.0,0.0,0.0,0.0,0.0,0.0,0.0,0.0,0.0,0.0,0.0,0.0
nh4+,ethane,Classic,0.0,0.0,0.0,0.0,0.0,0.0,0.0,0.0,Classic,0.0,0.0,0.0,0.0,0.0,0.0,0.0,0.0,0.0,0.0,0.0,0.0,0.0,0.0,0.0,0.0,0.0
co3--,ethane,Classic,0.0,0.0,0.0,0.0,0.0,0.0,0.0,0.0,Classic,0.0,0.0,0.0,0.0,0.0,0.0,0.0,0.0,0.0,0.0,0.0,0.0,0.0,0.0,0.0,0.0,0.0
deacoo-,ethane,Classic,1.0,0.0,1.0,0.0,0.0,0.0,0.0,0.0,Classic,0.0,0.0,0.0,0.0,0.0,0.0,0.0,0.0,1.0,0.0,1.0,1.0,1.0,0.0,0.0,0.0,0.0
dea,ethane,Classic,1.0,0.0,1.0,0.0,0.0,0.0,0.0,0.0,Classic,0.0,0.0,0.0,0.0,0.0,0.0,0.0,0.0,1.0,0.0,1.0,1.0,1.0,0.0,0.0,0.0,0.0
dea+,ethane,Classic,1.0,0.0,1.0,0.0,0.0,0.0,0.0,0.0,Classic,0.0,0.0,0.0,0.0,0.0,0.0,0.0,0.0,1.0,0.0,1.0,1.0,1.0,0.0,0.0,0.0,0.0
k+,ethane,Classic,1.0,0.0,1.0,0.0,0.0,0.0,0.0,0.0,Classic,0.0,0.0,0.0,0.0,0.0,0.0,0.0,0.0,1.0,0.0,1.0,1.0,1.0,0.0,0.0,0.0,0.0
hs-,ethane,Classic,1.0,0.0,1.0,0.0,0.0,0.0,0.0,0.0,Classic,0.0,0.0,0.0,0.0,0.0,0.0,0.0,0.0,1.0,0.0,1.0,1.0,1.0,0.0,0.0,0.0,0.0
s--,ethane,Classic,1.0,0.0,1.0,0.0,0.0,0.0,0.0,0.0,Classic,0.0,0.0,0.0,0.0,0.0,0.0,0.0,0.0,1.0,0.0,1.0,1.0,1.0,0.0,0.0,0.0,0.0
i-,ethane,Classic,1.0,0.0,1.0,0.0,0.0,0.0,0.0,0.0,Classic,0.0,0.0,0.0,0.0,0.0,0.0,0.0,0.0,1.0,0.0,1.0,1.0,1.0,0.0,0.0,0.0,0.0
mg++,ethane,Classic,0.0,0.0,1.0,0.0,0.0,0.0,0.0,0.0,Classic,0.0,0.0,0.0,0.0,0.0,0.0,0.0,0.0,0.0,0.0,0.0,0.0,0.0,0.0,0.0,0.0,0.0
ba++,ethane,Classic,0.0,0.0,1.0,0.0,0.0,0.0,0.0,0.0,Classic,0.0,0.0,0.0,0.0,0.0,0.0,0.0,0.0,0.0,0.0,0.0,0.0,0.0,0.0,0.0,0.0,0.0
sr++,ethane,Classic,0.0,0.0,1.0,0.0,0.0,0.0,0.0,0.0,Classic,0.0,0.0,0.0,0.0,0.0,0.0,0.0,0.0,0.0,0.0,0.0,0.0,0.0,0.0,0.0,0.0,0.0
methanol,co2,HV,0.0148,0.0,0.023,0.0,0.0,0.68,-92.26,-546.3,WS,0.395,3307.0,276.0,0.0,0.97,5.0,0.0,0.0,0.068,0.0,0.068,0.068,0.0,0.0,0.0386,0.0,0.023
ethanol,co2,HV,0.5,0.0,0.5,0.0,0.0,0.395,3307.0,276.0,WS,0.395,3307.0,276.0,0.0,0.0,0.0,0.0,0.0,0.1131,0.0,0.1131,0.1131,0.0,0.0,0.0627,0.0,0.5
meg,co2,Classic,0.2,0.0,0.2,0.0,0.0,0.3656,2063.0,601.7,Classic,0.3656,2063.0,601.7,0.0,0.0,0.0,0.0,0.0,-0.028353,0.00062,-0.028353,-0.028353,0.0,0.0,0.055,0.0,0.2
deg,co2,Classic,0.2,0.0,0.2,0.0,0.0,0.3656,2063.0,601.7,Classic,0.3656,2063.0,601.7,0.0,0.0,0.0,0.0,0.0,-0.2674,0.0014,-0.2674,-0.2674,0.0,0.0,0.085,0.0,0.2
teg,co2,Classic,0.2,0.0,0.2,0.0,0.0,0.3656,2063.0,601.7,Classic,0.3656,2063.0,601.7,0.0,0.0,0.0,0.0,0.0,0.0157,0.0004,0.0157,0.0157,0.0,0.0,0.085,0.0,0.2
nacl,co2,HV,2.1,0.0,2.1,0.0,0.0,-0.007,0.07,3087.0,WS,-0.007,0.07,3087.0,0.0,0.0,0.0,0.0,0.0,0.0,0.0,0.0,0.0,0.0,0.0,0.0,0.0,2.1
cacl2,co2,HV,2.23,0.0,2.23,0.0,0.0,-0.111,628.0,1721.0,WS,-0.111,628.0,1721.0,0.0,0.0,0.0,0.0,0.0,0.0,0.0,0.0,0.0,0.0,0.0,0.0,0.0,2.23
helium,co2,Classic,0.0,0.0,0.0,0.0,0.0,0.0,0.0,0.0,Classic,0.0,0.0,0.0,0.0,0.0,0.0,0.0,0.0,0.0,0.0,0.0,0.0,0.0,0.0,0.0,0.0,0.0
hydrogen,co2,Classic,0.0362,0.0,0.0362,0.0,-0.0533,0.0,0.0,0.0,Classic,0.0,0.0,0.0,0.0,0.0,0.0,0.0,0.0,0.0362,0.0,0.0362,0.0362,0.0362,0.0,0.0,0.0,0.0362
argon,co2,Classic,0.0,0.0,0.0,0.0,0.0,0.0,0.0,0.0,Classic,0.0,0.0,0.0,0.0,0.0,0.0,0.0,0.0,0.0,0.0,0.0,0.0,0.0,0.0,0.0,0.0,0.0
h2s,co2,Classic,0.102,0.0,0.12,0.0,0.058,0.0,0.0,0.0,Classic,0.0,0.0,0.0,0.0,0.0,0.0,0.0,0.0,0.12,0.0,0.12,0.12,0.12,0.0,0.0,0.0,0.12
propane,co2,Classic,0.1018,0.0,0.13500001,0.0,0.078,0.0,0.0,0.0,Classic,0.0,0.0,0.0,0.0,0.0,0.0,0.0,0.0,0.12,0.0,0.12,0.12,0.12,0.0,0.0,0.0,0.1241
c-propane,co2,Classic,0.0,0.0,0.0,0.0,0.0,0.0,0.0,0.0,Classic,0.0,0.0,0.0,0.0,0.0,0.0,0.0,0.0,0.0,0.0,0.0,0.0,0.0,0.0,0.0,0.0,0.0
i-butane,co2,Classic,0.13680001,0.0,0.12980001,0.0,0.0,0.0,0.0,0.0,Classic,0.0,0.0,0.0,0.0,0.0,0.0,0.0,0.0,0.12,0.0,0.12,0.12,0.12,0.0,0.0,0.0,0.12980001
n-butane,co2,Classic,0.1474,0.0,0.12980001,0.0,0.094,0.0,0.0,0.0,Classic,0.0,0.0,0.0,0.0,0.0,0.0,0.0,0.0,0.12,0.0,0.12,0.12,0.12,0.0,0.0,0.0,0.133
c-c4,co2,Classic,0.0,0.0,0.0,0.0,0.0,0.0,0.0,0.0,Classic,0.0,0.0,0.0,0.0,0.0,0.0,0.0,0.0,0.0,0.0,0.0,0.0,0.0,0.0,0.0,0.0,0.0
i-pentane,co2,Classic,0.12970001,0.0,0.125,0.0,0.0,0.0,0.0,0.0,Classic,0.0,0.0,0.0,0.0,0.0,0.0,0.0,0.0,0.12,0.0,0.12,0.12,0.12,0.0,0.0,0.0,0.125
n-pentane,co2,Classic,0.1278,0.0,0.125,0.0,0.102,0.0,0.0,0.0,Classic,0.0,0.0,0.0,0.0,0.0,0.0,0.0,0.0,0.12,0.0,0.12,0.12,0.12,0.0,0.0,0.0,0.14
2-m-c5,co2,Classic,0.0,0.0,0.0,0.0,0.0,0.0,0.0,0.0,Classic,0.0,0.0,0.0,0.0,0.0,0.0,0.0,0.0,0.0,0.0,0.0,0.0,0.0,0.0,0.0,0.0,0.0
3-m-c5,co2,Classic,0.0,0.0,0.0,0.0,0.0,0.0,0.0,0.0,Classic,0.0,0.0,0.0,0.0,0.0,0.0,0.0,0.0,0.0,0.0,0.0,0.0,0.0,0.0,0.0,0.0,0.0
n-hexane,co2,Classic,0.12,0.0,0.12,0.0,0.11,0.0,0.0,0.0,Classic,0.0,0.0,0.0,0.0,0.0,0.0,0.0,0.0,0.12,0.0,0.12,0.12,0.12,0.0,0.0,0.0,0.145
benzene,co2,Classic,0.076700001,0.0,0.081,0.0,0.0,0.0,0.0,0.0,Classic,0.0,0.0,0.0,0.0,0.0,0.0,0.0,0.0,0.0,0.0,0.0,0.0,0.0,0.0,0.0,0.0,0.081
c-hexane,co2,Classic,0.1087,0.0,0.1087,0.0,0.0,0.0,0.0,0.0,Classic,0.0,0.0,0.0,0.0,0.0,0.0,0.0,0.0,0.0,0.0,0.0,0.0,0.0,0.0,0.0,0.0,0.1087
223-tm-c4,co2,Classic,0.0,0.0,0.0,0.0,0.0,0.0,0.0,0.0,Classic,0.0,0.0,0.0,0.0,0.0,0.0,0.0,0.0,0.0,0.0,0.0,0.0,0.0,0.0,0.0,0.0,0.0
n-heptane,co2,Classic,0.109999991,0.0,0.1,0.0,0.106,0.0,0.0,0.0,Classic,0.0,0.0,0.0,0.0,0.0,0.0,0.0,0.0,0.1,0.0,0.1,0.1,0.1,0.0,0.0,0.0,0.145
toluene,co2,Classic,0.0,0.0,0.0,0.0,0.0,0.0,0.0,0.0,Classic,0.0,0.0,0.0,0.0,0.0,0.0,0.0,0.0,0.0,0.0,0.0,0.0,0.0,0.0,0.0,0.0,0.0
c-c7,co2,Classic,0.0,0.0,0.0,0.0,0.0,0.0,0.0,0.0,Classic,0.0,0.0,0.0,0.0,0.0,0.0,0.0,0.0,0.0,0.0,0.0,0.0,0.0,0.0,0.0,0.0,0.0
c-c8,co2,Classic,0.1,0.0,0.1,0.0,0.0,0.0,0.0,0.0,Classic,0.0,0.0,0.0,0.0,0.0,0.0,0.0,0.0,0.1,0.0,0.1,0.1,0.1,0.0,0.0,0.0,0.1
mdea+,co2,Classic,1.0,0.0,1.0,0.0,0.0,0.0,0.0,0.0,Classic,0.0,0.0,0.0,0.0,0.0,0.0,0.0,0.0,1.0,0.0,1.0,1.0,1.0,0.0,0.0,0.0,0.0
h3o+,co2,Classic,1.0,0.0,1.0,0.0,0.0,0.0,0.0,0.0,Classic,0.0,0.0,0.0,0.0,0.0,0.0,0.0,0.0,1.0,0.0,1.0,1.0,1.0,0.0,0.0,0.0,0.0
co2,mdea,Classic,0.5,0.0,0.1,0.0,0.0,0.239,3204.3057406,-2753.7379912,WS,0.3,-713.0,-393.0,0.0,-12.47283302,13.015037932,0.0,0.0,0.3,0.0,0.3,0.3,0.0,0.0,0.0,0.0,0.1
hco3-,co2,Classic,1.0,0.0,1.0,0.0,0.0,0.0,0.0,0.0,Classic,0.0,0.0,0.0,0.0,0.0,0.0,0.0,0.0,1.0,0.0,1.0,1.0,1.0,0.0,0.0,0.0,0.0
oh-,co2,Classic,1.0,0.0,1.0,0.0,0.0,0.0,0.0,0.0,Classic,0.0,0.0,0.0,0.0,0.0,0.0,0.0,0.0,1.0,0.0,1.0,1.0,1.0,0.0,0.0,0.0,0.0
na+,co2,Classic,0.0,0.0,0.0,0.0,0.0,0.0,0.0,0.0,Classic,0.0,0.0,0.0,0.0,0.0,0.0,0.0,0.0,0.0,0.0,0.0,0.0,0.0,0.0,0.0,0.0,0.0
cl-,co2,Classic,0.0,0.0,0.0,0.0,0.0,0.0,0.0,0.0,Classic,0.0,0.0,0.0,0.0,0.0,0.0,0.0,0.0,0.0,0.0,0.0,0.0,0.0,0.0,0.0,0.0,0.0
ca++,co2,Classic,0.0,0.0,0.0,0.0,0.0,0.0,0.0,0.0,Classic,0.0,0.0,0.0,0.0,0.0,0.0,0.0,0.0,0.0,0.0,0.0,0.0,0.0,0.0,0.0,0.0,0.0
li+,co2,Classic,0.0,0.0,0.0,0.0,0.0,0.0,0.0,0.0,Classic,0.0,0.0,0.0,0.0,0.0,0.0,0.0,0.0,0.0,0.0,0.0,0.0,0.0,0.0,0.0,0.0,0.0
br-,co2,Classic,0.0,0.0,0.0,0.0,0.0,0.0,0.0,0.0,Classic,0.0,0.0,0.0,0.0,0.0,0.0,0.0,0.0,0.0,0.0,0.0,0.0,0.0,0.0,0.0,0.0,0.0
nh4+,co2,Classic,0.0,0.0,0.0,0.0,0.0,0.0,0.0,0.0,Classic,0.0,0.0,0.0,0.0,0.0,0.0,0.0,0.0,0.0,0.0,0.0,0.0,0.0,0.0,0.0,0.0,0.0
co3--,co2,Classic,0.0,0.0,0.0,0.0,0.0,0.0,0.0,0.0,Classic,0.0,0.0,0.0,0.0,0.0,0.0,0.0,0.0,0.0,0.0,0.0,0.0,0.0,0.0,0.0,0.0,0.0
deacoo-,co2,Classic,1.0,0.0,1.0,0.0,0.0,0.0,0.0,0.0,Classic,0.0,0.0,0.0,0.0,0.0,0.0,0.0,0.0,1.0,0.0,1.0,1.0,1.0,0.0,0.0,0.0,0.0
dea,co2,Classic,1.0,0.0,1.0,0.0,0.0,0.0,0.0,0.0,Classic,0.0,0.0,0.0,0.0,0.0,0.0,0.0,0.0,1.0,0.0,1.0,1.0,1.0,0.0,0.0,0.0,0.0
dea+,co2,Classic,1.0,0.0,1.0,0.0,0.0,0.0,0.0,0.0,Classic,0.0,0.0,0.0,0.0,0.0,0.0,0.0,0.0,1.0,0.0,1.0,1.0,1.0,0.0,0.0,0.0,0.0
k+,co2,Classic,1.0,0.0,1.0,0.0,0.0,0.0,0.0,0.0,Classic,0.0,0.0,0.0,0.0,0.0,0.0,0.0,0.0,1.0,0.0,1.0,1.0,1.0,0.0,0.0,0.0,0.0
hs-,co2,Classic,1.0,0.0,1.0,0.0,0.0,0.0,0.0,0.0,Classic,0.0,0.0,0.0,0.0,0.0,0.0,0.0,0.0,1.0,0.0,1.0,1.0,1.0,0.0,0.0,0.0,0.0
s--,co2,Classic,1.0,0.0,1.0,0.0,0.0,0.0,0.0,0.0,Classic,0.0,0.0,0.0,0.0,0.0,0.0,0.0,0.0,1.0,0.0,1.0,1.0,1.0,0.0,0.0,0.0,0.0
i-,co2,Classic,1.0,0.0,1.0,0.0,0.0,0.0,0.0,0.0,Classic,0.0,0.0,0.0,0.0,0.0,0.0,0.0,0.0,1.0,0.0,1.0,1.0,1.0,0.0,0.0,0.0,0.0
mg++,co2,Classic,0.0,0.0,1.0,0.0,0.0,0.0,0.0,0.0,Classic,0.0,0.0,0.0,0.0,0.0,0.0,0.0,0.0,0.0,0.0,0.0,0.0,0.0,0.0,0.0,0.0,0.0
ba++,co2,Classic,0.0,0.0,1.0,0.0,0.0,0.0,0.0,0.0,Classic,0.0,0.0,0.0,0.0,0.0,0.0,0.0,0.0,0.0,0.0,0.0,0.0,0.0,0.0,0.0,0.0,0.0
sr++,co2,Classic,0.0,0.0,1.0,0.0,0.0,0.0,0.0,0.0,Classic,0.0,0.0,0.0,0.0,0.0,0.0,0.0,0.0,0.0,0.0,0.0,0.0,0.0,0.0,0.0,0.0,0.0
water,propane,HV,0.53,0.0,0.53,0.0,0.0,0.07,-1584.0,3517.0,WS,0.122,2467.0,274.0,0.0,-0.44,-0.1,0.0,0.0,0.11,0.0,0.11,0.11,0.1135,0.0,0.0,0.0,0.5525
methanol,propane,HV,0.22,0.0,0.22,0.0,0.0,0.395,895.0,435.0,WS,0.395,895.0,435.0,0.0,0.0,0.0,0.0,0.0,0.026,0.0,0.026,0.026,0.0,0.0,0.0,0.0,0.22
ethanol,propane,HV,0.22,0.0,0.22,0.0,0.0,0.395,895.0,435.0,WS,0.395,895.0,435.0,0.0,0.0,0.0,0.0,0.0,0.038,0.0,0.038,0.038,0.0,0.0,0.0,0.0,0.22
meg,propane,Classic,0.2,0.0,0.2,0.0,0.0,0.3656,2063.0,601.7,Classic,0.3656,2063.0,601.7,0.0,0.0,0.0,0.0,0.0,0.1132,0.0,0.1132,0.1132,0.1132,0.0,0.0,0.0,0.2
deg,propane,Classic,0.2,0.0,0.2,0.0,0.0,0.3656,2063.0,601.7,Classic,0.3656,2063.0,601.7,0.0,0.0,0.0,0.0,0.0,0.0,0.0,0.0,0.0,0.0,0.0,0.0,0.0,0.2
teg,propane,Classic,0.2,0.0,0.2,0.0,0.0,0.3656,2063.0,601.7,Classic,0.3656,2063.0,601.7,0.0,0.0,0.0,0.0,0.0,0.13,0.0,0.13,0.13,0.13,0.0,0.0,0.0,0.2
nacl,propane,Classic,0.72,0.0,0.72,0.0,0.0,0.0592,10539.0,4777.0,Classic,0.0592,10539.0,4777.0,0.0,0.0,0.0,0.0,0.0,0.0,0.0,0.0,0.0,0.0,0.0,0.0,0.0,0.72
cacl2,propane,Classic,1.18,0.0,1.18,0.0,0.0,0.0364,99000.0,3080.0,Classic,0.0364,99000.0,3080.0,0.0,0.0,0.0,0.0,0.0,0.0,0.0,0.0,0.0,0.0,0.0,0.0,0.0,1.18
helium,propane,Classic,0.0,0.0,0.0,0.0,0.0,0.0,0.0,0.0,Classic,0.0,0.0,0.0,0.0,0.0,0.0,0.0,0.0,0.0,0.0,0.0,0.0,0.0,0.0,0.0,0.0,0.0
hydrogen,propane,Classic,0.0799,0.0,0.0799,0.0,0.0,0.0,0.0,0.0,Classic,0.0,0.0,0.0,0.0,0.0,0.0,0.0,0.0,0.0799,0.0,0.0799,0.0799,0.0799,0.0,0.0,0.0,0.0799
nitrogen,propane,Classic,0.0886,0.0,0.079998,0.0,0.052,0.0,0.0,0.0,Classic,0.0,0.0,0.0,0.0,0.0,0.0,0.0,0.0,0.0886,0.0,0.0886,0.0886,0.0886,0.0,0.0,0.0,0.0852
argon,propane,Classic,0.0,0.0,0.0,0.0,0.0,0.0,0.0,0.0,Classic,0.0,0.0,0.0,0.0,0.0,0.0,0.0,0.0,0.0,0.0,0.0,0.0,0.0,0.0,0.0,0.0,0.0
h2s,propane,Classic,0.0831,0.0,0.07,0.0,0.045,0.0,0.0,0.0,Classic,0.0,0.0,0.0,0.0,0.0,0.0,0.0,0.0,0.07,0.0,0.07,0.07,0.07,0.0,0.0,0.0,0.07
c-propane,propane,Classic,0.0,0.0,0.0,0.0,0.0,0.0,0.0,0.0,Classic,0.0,0.0,0.0,0.0,0.0,0.0,0.0,0.0,0.0,0.0,0.0,0.0,0.0,0.0,0.0,0.0,0.0
i-butane,propane,Classic,0.00153851,0.0,0.00153851,0.0,0.0,0.0,0.0,0.0,Classic,0.0,0.0,0.0,0.0,0.0,0.0,0.0,0.0,0.0,0.0,0.0,0.0,0.0,0.0,0.0,0.0,0.00153851
n-butane,propane,Classic,0.00132268,0.0,0.00132268,0.0,0.003,0.0,0.0,0.0,Classic,0.0,0.0,0.0,0.0,0.0,0.0,0.0,0.0,0.0,0.0,0.0,0.0,0.0,0.0,0.0,0.0,0.0033
c-c4,propane,Classic,0.0,0.0,0.0,0.0,0.0,0.0,0.0,0.0,Classic,0.0,0.0,0.0,0.0,0.0,0.0,0.0,0.0,0.0,0.0,0.0,0.0,0.0,0.0,0.0,0.0,0.0
i-pentane,propane,Classic,0.00305075,0.0,0.00305075,0.0,0.0,0.0,0.0,0.0,Classic,0.0,0.0,0.0,0.0,0.0,0.0,0.0,0.0,0.0,0.0,0.0,0.0,0.0,0.0,0.0,0.0,0.00305075
n-pentane,propane,Classic,0.00316586,0.0,0.00316586,0.0,0.0,0.0,0.0,0.0,Classic,0.0,0.0,0.0,0.0,0.0,0.0,0.0,0.0,0.0,0.0,0.0,0.0,0.0,0.0,0.0,0.0,0.012
2-m-c5,propane,Classic,0.0,0.0,0.0,0.0,0.0,0.0,0.0,0.0,Classic,0.0,0.0,0.0,0.0,0.0,0.0,0.0,0.0,0.0,0.0,0.0,0.0,0.0,0.0,0.0,0.0,0.0
3-m-c5,propane,Classic,0.0,0.0,0.0,0.0,0.0,0.0,0.0,0.0,Classic,0.0,0.0,0.0,0.0,0.0,0.0,0.0,0.0,0.0,0.0,0.0,0.0,0.0,0.0,0.0,0.0,0.0
n-hexane,propane,Classic,0.0,0.0,0.0,0.0,0.0,0.0,0.0,0.0,Classic,0.0,0.0,0.0,0.0,0.0,0.0,0.0,0.0,0.0,0.0,0.0,0.0,0.0,0.0,0.0,0.0,0.0267
benzene,propane,Classic,0.02,0.0,0.02,0.0,0.0,0.0,0.0,0.0,Classic,0.0,0.0,0.0,0.0,0.0,0.0,0.0,0.0,0.0,0.0,0.0,0.0,0.0,0.0,0.0,0.0,0.02
c-hexane,propane,Classic,0.0,0.0,0.0,0.0,0.0,0.0,0.0,0.0,Classic,0.0,0.0,0.0,0.0,0.0,0.0,0.0,0.0,0.0,0.0,0.0,0.0,0.0,0.0,0.0,0.0,0.0
223-tm-c4,propane,Classic,0.0,0.0,0.0,0.0,0.0,0.0,0.0,0.0,Classic,0.0,0.0,0.0,0.0,0.0,0.0,0.0,0.0,0.0,0.0,0.0,0.0,0.0,0.0,0.0,0.0,0.0
n-heptane,propane,Classic,0.0,0.0,0.0,0.0,0.0,0.0,0.0,0.0,Classic,0.0,0.0,0.0,0.0,0.0,0.0,0.0,0.0,0.0,0.0,0.0,0.0,0.0,0.0,0.0,0.0,0.056
toluene,propane,Classic,0.0,0.0,0.0,0.0,0.0,0.0,0.0,0.0,Classic,0.0,0.0,0.0,0.0,0.0,0.0,0.0,0.0,0.0,0.0,0.0,0.0,0.0,0.0,0.0,0.0,0.0
c-c7,propane,Classic,0.0,0.0,0.0,0.0,0.0,0.0,0.0,0.0,Classic,0.0,0.0,0.0,0.0,0.0,0.0,0.0,0.0,0.0,0.0,0.0,0.0,0.0,0.0,0.0,0.0,0.0
c-c8,propane,Classic,0.0,0.0,0.0,0.0,0.0,0.0,0.0,0.0,Classic,0.0,0.0,0.0,0.0,0.0,0.0,0.0,0.0,0.0,0.0,0.0,0.0,0.0,0.0,0.0,0.0,0.0
h3o+,propane,Classic,0.0,0.0,0.0,0.0,0.0,0.0,0.0,0.0,Classic,0.0,0.0,0.0,0.0,0.0,0.0,0.0,0.0,0.0,0.0,0.0,0.0,0.0,0.0,0.0,0.0,0.0
hco3-,propane,Classic,0.0,0.0,0.0,0.0,0.0,0.0,0.0,0.0,Classic,0.0,0.0,0.0,0.0,0.0,0.0,0.0,0.0,0.0,0.0,0.0,0.0,0.0,0.0,0.0,0.0,0.0
oh-,propane,Classic,0.0,0.0,0.0,0.0,0.0,0.0,0.0,0.0,Classic,0.0,0.0,0.0,0.0,0.0,0.0,0.0,0.0,0.0,0.0,0.0,0.0,0.0,0.0,0.0,0.0,0.0
na+,propane,Classic,0.0,0.0,0.0,0.0,0.0,0.0,0.0,0.0,Classic,0.0,0.0,0.0,0.0,0.0,0.0,0.0,0.0,0.0,0.0,0.0,0.0,0.0,0.0,0.0,0.0,0.0
cl-,propane,Classic,0.0,0.0,0.0,0.0,0.0,0.0,0.0,0.0,Classic,0.0,0.0,0.0,0.0,0.0,0.0,0.0,0.0,0.0,0.0,0.0,0.0,0.0,0.0,0.0,0.0,0.0
ca++,propane,Classic,0.0,0.0,0.0,0.0,0.0,0.0,0.0,0.0,Classic,0.0,0.0,0.0,0.0,0.0,0.0,0.0,0.0,0.0,0.0,0.0,0.0,0.0,0.0,0.0,0.0,0.0
li+,propane,Classic,0.0,0.0,0.0,0.0,0.0,0.0,0.0,0.0,Classic,0.0,0.0,0.0,0.0,0.0,0.0,0.0,0.0,0.0,0.0,0.0,0.0,0.0,0.0,0.0,0.0,0.0
br-,propane,Classic,0.0,0.0,0.0,0.0,0.0,0.0,0.0,0.0,Classic,0.0,0.0,0.0,0.0,0.0,0.0,0.0,0.0,0.0,0.0,0.0,0.0,0.0,0.0,0.0,0.0,0.0
nh4+,propane,Classic,0.0,0.0,0.0,0.0,0.0,0.0,0.0,0.0,Classic,0.0,0.0,0.0,0.0,0.0,0.0,0.0,0.0,0.0,0.0,0.0,0.0,0.0,0.0,0.0,0.0,0.0
co3--,propane,Classic,0.0,0.0,0.0,0.0,0.0,0.0,0.0,0.0,Classic,0.0,0.0,0.0,0.0,0.0,0.0,0.0,0.0,0.0,0.0,0.0,0.0,0.0,0.0,0.0,0.0,0.0
deacoo-,propane,Classic,1.0,0.0,1.0,0.0,0.0,0.0,0.0,0.0,Classic,0.0,0.0,0.0,0.0,0.0,0.0,0.0,0.0,1.0,0.0,1.0,1.0,1.0,0.0,0.0,0.0,0.0
dea,propane,Classic,1.0,0.0,1.0,0.0,0.0,0.0,0.0,0.0,Classic,0.0,0.0,0.0,0.0,0.0,0.0,0.0,0.0,1.0,0.0,1.0,1.0,1.0,0.0,0.0,0.0,0.0
dea+,propane,Classic,1.0,0.0,1.0,0.0,0.0,0.0,0.0,0.0,Classic,0.0,0.0,0.0,0.0,0.0,0.0,0.0,0.0,1.0,0.0,1.0,1.0,1.0,0.0,0.0,0.0,0.0
k+,propane,Classic,1.0,0.0,1.0,0.0,0.0,0.0,0.0,0.0,Classic,0.0,0.0,0.0,0.0,0.0,0.0,0.0,0.0,1.0,0.0,1.0,1.0,1.0,0.0,0.0,0.0,0.0
hs-,propane,Classic,1.0,0.0,1.0,0.0,0.0,0.0,0.0,0.0,Classic,0.0,0.0,0.0,0.0,0.0,0.0,0.0,0.0,1.0,0.0,1.0,1.0,1.0,0.0,0.0,0.0,0.0
s--,propane,Classic,1.0,0.0,1.0,0.0,0.0,0.0,0.0,0.0,Classic,0.0,0.0,0.0,0.0,0.0,0.0,0.0,0.0,1.0,0.0,1.0,1.0,1.0,0.0,0.0,0.0,0.0
i-,propane,Classic,1.0,0.0,1.0,0.0,0.0,0.0,0.0,0.0,Classic,0.0,0.0,0.0,0.0,0.0,0.0,0.0,0.0,1.0,0.0,1.0,1.0,1.0,0.0,0.0,0.0,0.0
mg++,propane,Classic,0.0,0.0,1.0,0.0,0.0,0.0,0.0,0.0,Classic,0.0,0.0,0.0,0.0,0.0,0.0,0.0,0.0,0.0,0.0,0.0,0.0,0.0,0.0,0.0,0.0,0.0
ba++,propane,Classic,0.0,0.0,1.0,0.0,0.0,0.0,0.0,0.0,Classic,0.0,0.0,0.0,0.0,0.0,0.0,0.0,0.0,0.0,0.0,0.0,0.0,0.0,0.0,0.0,0.0,0.0
sr++,propane,Classic,0.0,0.0,1.0,0.0,0.0,0.0,0.0,0.0,Classic,0.0,0.0,0.0,0.0,0.0,0.0,0.0,0.0,0.0,0.0,0.0,0.0,0.0,0.0,0.0,0.0,0.0
methanol,water,HV,-0.0789,0.0,-0.0789,0.0,0.0,0.357,410.67,-169.63,WS,0.303,-48.68,610.6,0.0,1.89,-1.11,0.0,0.0,-0.153,0.0,-0.153,-0.153,-0.153,0.0,0.0,0.0,-0.0789
ethanol,water,HV,0.0,0.0,0.0,0.0,0.0,0.2245,2207.03,-2612.51,WS,0.3791,-268.88,885.99,0.0,-4.6,7.3,0.0,0.0,-0.11,0.0,-0.11,-0.11,-0.11,0.0,0.0,0.0,0.0
water,meg,HV,0.0,0.0,-0.0385,0.0,0.0,-0.0145,1506.3,-863.3,WS,0.327,1229.0,-946.4,-0.453309318,4.11,-0.603,0.0,0.0,-0.115,0.0,-0.115,-0.115,-0.115,0.0,0.0,0.0,-0.0385
deg,water,HV,-0.1259,0.0,-0.1259,0.0,0.0,0.4739,-624.62,715.5,WS,0.4739,-624.62,715.5,0.0,0.0,0.0,0.0,0.0,-0.115,0.0,-0.115,-0.115,-0.115,0.0,0.0,0.0,-0.1259
teg,water,HV,-0.2035,0.0,-0.2035,0.0,0.0,0.1967,-2913.94,2497.41,WS,0.3,-777.0,1915.0,0.8,0.0,0.0,0.0,0.0,-0.27,0.000441331,-0.245871147,-0.34348577,-0.27,0.0,0.0,0.0,-0.2035
helium,water,Classic,0.5,0.0,0.5,0.0,0.0,0.0,0.0,0.0,Classic,0.0,0.0,0.0,0.0,0.0,0.0,0.0,0.0,0.0,0.0,0.0,0.0,0.0,0.0,0.0,0.0,0.5
hydrogen,water,Classic,0.5322,0.0,0.5322,0.0,0.0,0.0,0.0,0.0,Classic,0.0,0.0,0.0,0.0,0.0,0.0,0.0,0.0,0.0,0.0,0.0,0.0,0.0,0.0,0.0,0.0,0.5322
nitrogen,water,HV,0.48,0.0,0.48,0.0,0.0,0.08,4898.64,-111.76,WS,0.0768,-388.0,4911.0,0.0,-6.9,2.06,0.0,0.0,-1.389072518,0.003879719,-1.389072518,-1.389072518,0.0,0.0,0.0,0.0,0.4778
argon,water,Classic,0.5,0.0,0.5,0.0,0.0,0.0,0.0,0.0,Classic,0.0,0.0,0.0,0.0,0.0,0.0,0.0,0.0,0.0,0.0,0.0,0.0,0.0,0.0,0.0,0.0,0.5
oxygen,water,HV,0.5,0.0,0.5,0.0,0.0,0.03,6743.539908393,-1580.966630082,Classic,0.0,0.0,0.0,0.0,6.754185549,-1.41065525,0.0,0.0,-1.088749036,0.003744044,-1.088749036,-1.088749036,0.0,0.0,0.0,0.0,0.5
co2,water,HV,0.1,0.0,0.184,0.236,0.0,0.03,5251.737437198,-3121.2788585,WS,0.3,-393.0,-713.0,0.0,-0.842025353,-0.512331604,0.96,3.96,-0.27686,0.001121,-0.27686,-0.27686,0.0,0.0,0.075,0.0,0.1896
h2s,water,HV,0.03,0.0,0.03,0.0,0.0,0.10448,26082.0,-2148.0,WS,0.0653,-1082.0,2579.6,0.0,-18.45,5.67,0.0,0.0,0.1913,0.0,0.1913,0.1913,0.0,0.0,0.0624,10878.0,0.03
water,ethane,HV,0.45,0.0,0.635,-0.93,0.0,0.122,-1479.91,5173.65,WS,0.122,274.0,2467.0,0.0,3.46,-6.56,0.0,0.0,0.0,0.0,0.0,0.0,0.0,0.0,0.0,0.0,0.492
c-propane,water,Classic,0.5,0.0,0.5,0.0,0.0,0.0,0.0,0.0,Classic,0.0,0.0,0.0,0.0,0.0,0.0,0.0,0.0,0.0,0.0,0.0,0.0,0.0,0.0,0.0,0.0,0.5
i-butane,water,HV,0.52,0.0,0.52,0.0,0.0,0.145,681.0,2507.0,WS,0.145,681.0,2507.0,0.0,0.0,0.0,0.0,0.0,0.0,0.0,0.0,0.0,0.0,0.0,0.0,0.0,0.52
c-c4,water,Classic,0.5,0.0,0.5,0.0,0.0,0.0,0.0,0.0,Classic,0.0,0.0,0.0,0.0,0.0,0.0,0.0,0.0,0.0,0.0,0.0,0.0,0.0,0.0,0.0,0.0,0.5
i-pentane,water,HV,0.5,0.0,0.5,0.0,0.0,0.145,681.0,2507.0,WS,0.145,681.0,2507.0,0.0,0.0,0.0,0.0,0.0,0.0,0.0,0.0,0.0,0.0,0.0,0.0,0.0,0.5
n-pentane,water,HV,0.5,0.0,0.5,0.0,0.0,0.145,681.0,2507.0,WS,0.145,681.0,2507.0,0.0,0.0,0.0,0.0,0.0,0.0615,0.0,0.0615,0.0615,0.0,0.0,0.0,0.0,0.5
2-m-c5,water,Classic,0.5,0.0,0.5,0.0,0.0,0.0,0.0,0.0,Classic,0.0,0.0,0.0,0.0,0.0,0.0,0.0,0.0,0.0,0.0,0.0,0.0,0.0,0.0,0.0,0.0,0.5
3-m-c5,water,Classic,0.5,0.0,0.5,0.0,0.0,0.0,0.0,0.0,Classic,0.0,0.0,0.0,0.0,0.0,0.0,0.0,0.0,0.0,0.0,0.0,0.0,0.0,0.0,0.0,0.0,0.5
n-hexane,water,HV,0.5,0.0,0.5,0.0,0.0,0.145,681.0,2507.0,WS,0.145,681.0,2507.0,0.0,0.0,0.0,0.0,0.0,0.0355,0.0,0.0355,0.0355,0.0,0.0,0.0,0.0,0.5
benzene,water,Classic,0.5,0.0,0.5,0.0,0.0,0.0,0.0,0.0,Classic,0.0,0.0,0.0,0.0,0.0,0.0,0.0,0.0,0.0355,0.0,0.0355,0.0355,0.0,0.0,0.079,0.0,0.5
c-hexane,water,Classic,0.5,0.0,0.5,0.0,0.0,0.0,0.0,0.0,Classic,0.0,0.0,0.0,0.0,0.0,0.0,0.0,0.0,0.0,0.0,0.0,0.0,0.0,0.0,0.0,0.0,0.5
223-tm-c4,water,Classic,0.5,0.0,0.5,0.0,0.0,0.0,0.0,0.0,Classic,0.0,0.0,0.0,0.0,0.0,0.0,0.0,0.0,0.0,0.0,0.0,0.0,0.0,0.0,0.0,0.0,0.5
n-heptane,water,HV,0.5,0.0,0.5,0.0,0.0,0.145,681.0,2507.0,WS,0.145,681.0,2507.0,0.0,0.0,0.0,0.0,0.0,0.0095,0.0,0.0095,0.0095,0.0,0.0,0.0,0.0,0.5
toluene,water,Classic,0.5,0.0,0.5,0.0,0.0,0.0,0.0,0.0,Classic,0.0,0.0,0.0,0.0,0.0,0.0,0.0,0.0,0.0095,0.0,0.0095,0.0095,0.0,0.0,0.06,0.0,0.5
c-c7,water,Classic,0.5,0.0,0.5,0.0,0.0,0.0,0.0,0.0,Classic,0.0,0.0,0.0,0.0,0.0,0.0,0.0,0.0,0.0,0.0,0.0,0.0,0.0,0.0,0.0,0.0,0.5
c-c8,water,HV,0.5,0.0,0.5,0.0,0.0,0.145,681.0,2507.0,WS,0.145,681.0,2507.0,0.0,0.0,0.0,0.0,0.0,0.0,0.0,0.0,0.0,0.0,0.0,0.0,0.0,0.5
h3o+,water,Classic,1.0,0.0,0.0,0.0,0.0,0.0,0.0,0.0,Classic,0.0,0.0,0.0,0.0,0.0,0.0,0.0,0.0,1.0,0.0,1.0,1.0,1.0,0.0,0.0,0.0,0.0
hco3-,water,HV,0.0,0.0,0.0,0.0,0.0,0.2,-1500.0,0.0,Classic,0.2,-1500.0,0.0,0.0,4.0,0.0,0.0,0.0,0.0,0.0,0.0,0.0,0.0,0.0,0.0,0.0,
oh-,water,HV,0.0,0.0,0.0,0.0,0.0,0.2,-2500.0,0.0,Classic,0.2,-2500.0,0.0,0.0,5.0,0.0,0.0,0.0,0.0,0.0,0.0,0.0,0.0,0.0,0.0,0.0,
na+,water,HV,0.0,0.0,0.0,0.0,0.0,0.2,241.5,0.0,Classic,0.2,241.5,0.0,0.0,-12.62,0.0,0.0,0.0,0.0,0.0,0.0,0.0,0.0,0.0,0.0,0.0,
cl-,water,HV,0.0,0.0,0.0,0.0,0.0,0.2,-1911.0,0.0,Classic,0.2,-1911.0,0.0,0.0,4.489,0.0,0.0,0.0,0.0,0.0,0.0,0.0,0.0,0.0,0.0,0.0,
ca++,water,HV,0.0,0.0,0.0,0.0,0.0,0.2,3768.0,0.0,Classic,0.2,3768.0,0.0,0.0,-33.13,0.0,0.0,0.0,0.0,0.0,0.0,0.0,0.0,0.0,0.0,0.0,
li+,water,HV,0.0,0.0,0.0,0.0,0.0,0.2,-1070.0,0.0,Classic,0.2,-1070.0,0.0,0.0,-8.94,0.0,0.0,0.0,0.0,0.0,0.0,0.0,0.0,0.0,0.0,0.0,
br-,water,HV,0.0,0.0,0.0,0.0,0.0,0.2,-1436.0,0.0,Classic,0.2,-1436.0,0.0,0.0,3.52,0.0,0.0,0.0,0.0,0.0,0.0,0.0,0.0,0.0,0.0,0.0,
nh4+,water,HV,0.0,0.0,0.0,0.0,0.0,0.2,800.0,0.0,Classic,0.2,800.0,0.0,0.0,-5.0,0.0,0.0,0.0,0.0,0.0,0.0,0.0,0.0,0.0,0.0,0.0,
co3--,water,HV,0.0,0.0,0.0,0.0,0.0,0.2,-5000.0,0.0,Classic,0.2,-5000.0,0.0,0.0,9.0,0.0,0.0,0.0,0.0,0.0,0.0,0.0,0.0,0.0,0.0,0.0,
deacoo-,water,Classic,1.0,0.0,1.0,0.0,0.0,0.0,0.0,0.0,Classic,0.0,0.0,0.0,0.0,0.0,0.0,0.0,0.0,1.0,0.0,1.0,1.0,1.0,0.0,0.0,0.0,0.0
dea,water,Classic,1.0,0.0,1.0,0.0,0.0,0.0,0.0,0.0,Classic,0.0,0.0,0.0,0.0,0.0,0.0,0.0,0.0,1.0,0.0,1.0,1.0,1.0,0.0,0.0,0.0,0.0
dea+,water,Classic,1.0,0.0,1.0,0.0,0.0,0.0,0.0,0.0,Classic,0.0,0.0,0.0,0.0,0.0,0.0,0.0,0.0,1.0,0.0,1.0,1.0,1.0,0.0,0.0,0.0,0.0
k+,water,HV,0.0,0.0,0.0,0.0,0.0,0.2,1247.0,0.0,Classic,0.2,1247.0,0.0,0.0,-7.387,0.0,0.0,0.0,0.0,0.0,0.0,0.0,0.0,0.0,0.0,0.0,
hs-,water,HV,0.0,0.0,0.0,0.0,0.0,0.2,-1600.0,0.0,Classic,0.2,-1600.0,0.0,0.0,3.5,0.0,0.0,0.0,0.0,0.0,0.0,0.0,0.0,0.0,0.0,0.0,
s--,water,HV,0.0,0.0,0.0,0.0,0.0,0.2,-5200.0,0.0,Classic,0.2,-5200.0,0.0,0.0,9.5,0.0,0.0,0.0,0.0,0.0,0.0,0.0,0.0,0.0,0.0,0.0,
i-,water,HV,0.0,0.0,0.0,0.0,0.0,0.2,-879.0,0.0,Classic,0.2,-879.0,0.0,0.0,2.35,0.0,0.0,0.0,0.0,0.0,0.0,0.0,0.0,0.0,0.0,0.0,
mg++,water,HV,0.0,0.0,0.0,0.0,0.0,0.2,2800.0,0.0,Classic,0.2,2800.0,0.0,0.0,-40.0,0.0,0.0,0.0,0.0,0.0,0.0,0.0,0.0,0.0,0.0,0.0,
ba++,water,HV,0.0,0.0,0.0,0.0,0.0,0.2,4800.0,0.0,Classic,0.2,4800.0,0.0,0.0,-25.0,0.0,0.0,0.0,0.0,0.0,0.0,0.0,0.0,0.0,0.0,0.0,
sr++,water,HV,0.0,0.0,0.0,0.0,0.0,0.2,4200.0,0.0,Classic,0.2,4200.0,0.0,0.0,-28.0,0.0,0.0,0.0,0.0,0.0,0.0,0.0,0.0,0.0,0.0,0.0,
methanol,mdea,Classic,0.0,0.0,0.0,0.0,0.0,0.0,0.0,0.0,Classic,0.0,0.0,0.0,0.0,0.0,0.0,0.0,0.0,0.0,0.0,0.0,0.0,0.0,0.0,0.0,0.0,0.0
meg,mdea,Classic,0.0,0.0,0.0,0.0,0.0,0.0,0.0,0.0,Classic,0.0,0.0,0.0,0.0,0.0,0.0,0.0,0.0,0.0,0.0,0.0,0.0,0.0,0.0,0.0,0.0,0.0
deg,mdea,Classic,0.0,0.0,0.0,0.0,0.0,0.0,0.0,0.0,Classic,0.0,0.0,0.0,0.0,0.0,0.0,0.0,0.0,0.0,0.0,0.0,0.0,0.0,0.0,0.0,0.0,0.0
nacl,mdea,Classic,0.0,0.0,0.0,0.0,0.0,0.0,0.0,0.0,Classic,0.0,0.0,0.0,0.0,0.0,0.0,0.0,0.0,0.0,0.0,0.0,0.0,0.0,0.0,0.0,0.0,0.0
cacl2,mdea,Classic,0.0,0.0,0.0,0.0,0.0,0.0,0.0,0.0,Classic,0.0,0.0,0.0,0.0,0.0,0.0,0.0,0.0,0.0,0.0,0.0,0.0,0.0,0.0,0.0,0.0,0.0
helium,mdea,Classic,0.0,0.0,0.0,0.0,0.0,0.0,0.0,0.0,Classic,0.0,0.0,0.0,0.0,0.0,0.0,0.0,0.0,0.0,0.0,0.0,0.0,0.0,0.0,0.0,0.0,0.0
hydrogen,mdea,Classic,0.0,0.0,0.0,0.0,0.0,0.0,0.0,0.0,Classic,0.0,0.0,0.0,0.0,0.0,0.0,0.0,0.0,0.0,0.0,0.0,0.0,0.0,0.0,0.0,0.0,0.0
oxygen,mdea,Classic,0.0,0.0,0.0,0.0,0.0,0.0,0.0,0.0,Classic,0.0,0.0,0.0,0.0,0.0,0.0,0.0,0.0,0.0,0.0,0.0,0.0,0.0,0.0,0.0,0.0,0.0
propane,mdea,Classic,0.0,0.0,0.0,0.0,0.0,0.0,0.0,0.0,Classic,0.0,0.0,0.0,0.0,0.0,0.0,0.0,0.0,0.0,0.0,0.0,0.0,0.0,0.0,0.0,0.0,0.0
c-propane,mdea,Classic,0.0,0.0,0.0,0.0,0.0,0.0,0.0,0.0,Classic,0.0,0.0,0.0,0.0,0.0,0.0,0.0,0.0,0.0,0.0,0.0,0.0,0.0,0.0,0.0,0.0,0.0
i-butane,mdea,Classic,0.0,0.0,0.0,0.0,0.0,0.0,0.0,0.0,Classic,0.0,0.0,0.0,0.0,0.0,0.0,0.0,0.0,0.0,0.0,0.0,0.0,0.0,0.0,0.0,0.0,0.0
c-c4,mdea,Classic,0.0,0.0,0.0,0.0,0.0,0.0,0.0,0.0,Classic,0.0,0.0,0.0,0.0,0.0,0.0,0.0,0.0,0.0,0.0,0.0,0.0,0.0,0.0,0.0,0.0,0.0
i-pentane,mdea,Classic,0.0,0.0,0.0,0.0,0.0,0.0,0.0,0.0,Classic,0.0,0.0,0.0,0.0,0.0,0.0,0.0,0.0,0.0,0.0,0.0,0.0,0.0,0.0,0.0,0.0,0.0
n-pentane,mdea,Classic,0.0,0.0,0.0,0.0,0.0,0.0,0.0,0.0,Classic,0.0,0.0,0.0,0.0,0.0,0.0,0.0,0.0,0.0,0.0,0.0,0.0,0.0,0.0,0.0,0.0,0.0
2-m-c5,mdea,Classic,0.0,0.0,0.0,0.0,0.0,0.0,0.0,0.0,Classic,0.0,0.0,0.0,0.0,0.0,0.0,0.0,0.0,0.0,0.0,0.0,0.0,0.0,0.0,0.0,0.0,0.0
3-m-c5,mdea,Classic,0.0,0.0,0.0,0.0,0.0,0.0,0.0,0.0,Classic,0.0,0.0,0.0,0.0,0.0,0.0,0.0,0.0,0.0,0.0,0.0,0.0,0.0,0.0,0.0,0.0,0.0
n-hexane,mdea,Classic,0.0,0.0,0.0,0.0,0.0,0.0,0.0,0.0,Classic,0.0,0.0,0.0,0.0,0.0,0.0,0.0,0.0,0.0,0.0,0.0,0.0,0.0,0.0,0.0,0.0,0.0
benzene,mdea,Classic,0.0,0.0,0.0,0.0,0.0,0.0,0.0,0.0,Classic,0.0,0.0,0.0,0.0,0.0,0.0,0.0,0.0,0.0,0.0,0.0,0.0,0.0,0.0,0.0,0.0,0.0
c-hexane,mdea,Classic,0.0,0.0,0.0,0.0,0.0,0.0,0.0,0.0,Classic,0.0,0.0,0.0,0.0,0.0,0.0,0.0,0.0,0.0,0.0,0.0,0.0,0.0,0.0,0.0,0.0,0.0
223-tm-c4,mdea,Classic,0.0,0.0,0.0,0.0,0.0,0.0,0.0,0.0,Classic,0.0,0.0,0.0,0.0,0.0,0.0,0.0,0.0,0.0,0.0,0.0,0.0,0.0,0.0,0.0,0.0,0.0
n-heptane,mdea,Classic,0.0,0.0,0.0,0.0,0.0,0.0,0.0,0.0,Classic,0.0,0.0,0.0,0.0,0.0,0.0,0.0,0.0,0.0,0.0,0.0,0.0,0.0,0.0,0.0,0.0,0.0
toluene,mdea,Classic,0.0,0.0,0.0,0.0,0.0,0.0,0.0,0.0,Classic,0.0,0.0,0.0,0.0,0.0,0.0,0.0,0.0,0.0,0.0,0.0,0.0,0.0,0.0,0.0,0.0,0.0
c-c7,mdea,Classic,0.0,0.0,0.0,0.0,0.0,0.0,0.0,0.0,Classic,0.0,0.0,0.0,0.0,0.0,0.0,0.0,0.0,0.0,0.0,0.0,0.0,0.0,0.0,0.0,0.0,0.0
c-c8,mdea,Classic,0.0,0.0,0.0,0.0,0.0,0.0,0.0,0.0,Classic,0.0,0.0,0.0,0.0,0.0,0.0,0.0,0.0,0.0,0.0,0.0,0.0,0.0,0.0,0.0,0.0,0.0
h3o+,mdea,Classic,1.0,0.0,0.0,0.0,0.0,0.0,0.0,0.0,Classic,0.0,0.0,0.0,0.0,0.0,0.0,0.0,0.0,1.0,0.0,1.0,1.0,1.0,0.0,0.0,0.0,0.0
hco3-,mdea,Classic,1.0,0.0,0.0,0.0,0.0,0.0,0.0,0.0,Classic,0.0,0.0,0.0,0.0,0.0,0.0,0.0,0.0,1.0,0.0,1.0,1.0,1.0,0.0,0.0,0.0,0.0
oh-,mdea,Classic,1.0,0.0,0.0,0.0,0.0,0.0,0.0,0.0,Classic,0.0,0.0,0.0,0.0,0.0,0.0,0.0,0.0,1.0,0.0,1.0,1.0,1.0,0.0,0.0,0.0,0.0
na+,mdea,Classic,1.0,0.0,1.0,0.0,0.0,0.0,0.0,0.0,Classic,0.0,0.0,0.0,0.0,0.0,0.0,0.0,0.0,1.0,0.0,1.0,1.0,1.0,0.0,0.0,0.0,0.0
cl-,mdea,Classic,1.0,0.0,1.0,0.0,0.0,0.0,0.0,0.0,Classic,0.0,0.0,0.0,0.0,0.0,0.0,0.0,0.0,1.0,0.0,1.0,1.0,1.0,0.0,0.0,0.0,0.0
ca++,mdea,Classic,1.0,0.0,1.0,0.0,0.0,0.0,0.0,0.0,Classic,0.0,0.0,0.0,0.0,0.0,0.0,0.0,0.0,1.0,0.0,1.0,1.0,1.0,0.0,0.0,0.0,0.0
li+,mdea,Classic,1.0,0.0,1.0,0.0,0.0,0.0,0.0,0.0,Classic,0.0,0.0,0.0,0.0,0.0,0.0,0.0,0.0,1.0,0.0,1.0,1.0,1.0,0.0,0.0,0.0,0.0
br-,mdea,Classic,1.0,0.0,1.0,0.0,0.0,0.0,0.0,0.0,Classic,0.0,0.0,0.0,0.0,0.0,0.0,0.0,0.0,1.0,0.0,1.0,1.0,1.0,0.0,0.0,0.0,0.0
nh4+,mdea,Classic,1.0,0.0,1.0,0.0,0.0,0.0,0.0,0.0,Classic,0.0,0.0,0.0,0.0,0.0,0.0,0.0,0.0,1.0,0.0,1.0,1.0,1.0,0.0,0.0,0.0,0.0
co3--,mdea,Classic,1.0,0.0,1.0,0.0,0.0,0.0,0.0,0.0,Classic,0.0,0.0,0.0,0.0,0.0,0.0,0.0,0.0,1.0,0.0,1.0,1.0,1.0,0.0,0.0,0.0,0.0
deacoo-,mdea,Classic,1.0,0.0,1.0,0.0,0.0,0.0,0.0,0.0,Classic,0.0,0.0,0.0,0.0,0.0,0.0,0.0,0.0,1.0,0.0,1.0,1.0,1.0,0.0,0.0,0.0,0.0
dea,mdea,Classic,1.0,0.0,1.0,0.0,0.0,0.0,0.0,0.0,Classic,0.0,0.0,0.0,0.0,0.0,0.0,0.0,0.0,1.0,0.0,1.0,1.0,1.0,0.0,0.0,0.0,0.0
dea+,mdea,Classic,1.0,0.0,1.0,0.0,0.0,0.0,0.0,0.0,Classic,0.0,0.0,0.0,0.0,0.0,0.0,0.0,0.0,1.0,0.0,1.0,1.0,1.0,0.0,0.0,0.0,0.0
k+,mdea,Classic,1.0,0.0,1.0,0.0,0.0,0.0,0.0,0.0,Classic,0.0,0.0,0.0,0.0,0.0,0.0,0.0,0.0,1.0,0.0,1.0,1.0,1.0,0.0,0.0,0.0,0.0
hs-,mdea,Classic,1.0,0.0,1.0,0.0,0.0,0.0,0.0,0.0,Classic,0.0,0.0,0.0,0.0,0.0,0.0,0.0,0.0,1.0,0.0,1.0,1.0,1.0,0.0,0.0,0.0,0.0
s--,mdea,Classic,1.0,0.0,1.0,0.0,0.0,0.0,0.0,0.0,Classic,0.0,0.0,0.0,0.0,0.0,0.0,0.0,0.0,1.0,0.0,1.0,1.0,1.0,0.0,0.0,0.0,0.0
i-,mdea,Classic,1.0,0.0,1.0,0.0,0.0,0.0,0.0,0.0,Classic,0.0,0.0,0.0,0.0,0.0,0.0,0.0,0.0,1.0,0.0,1.0,1.0,1.0,0.0,0.0,0.0,0.0
mg++,mdea,Classic,0.0,0.0,1.0,0.0,0.0,0.0,0.0,0.0,Classic,0.0,0.0,0.0,0.0,0.0,0.0,0.0,0.0,0.0,0.0,0.0,0.0,0.0,0.0,0.0,0.0,0.0
ba++,mdea,Classic,0.0,0.0,1.0,0.0,0.0,0.0,0.0,0.0,Classic,0.0,0.0,0.0,0.0,0.0,0.0,0.0,0.0,0.0,0.0,0.0,0.0,0.0,0.0,0.0,0.0,0.0
sr++,mdea,Classic,0.0,0.0,1.0,0.0,0.0,0.0,0.0,0.0,Classic,0.0,0.0,0.0,0.0,0.0,0.0,0.0,0.0,0.0,0.0,0.0,0.0,0.0,0.0,0.0,0.0,0.0
methanol,mdea+,Classic,1.0,0.0,1.0,0.0,0.0,0.0,0.0,0.0,Classic,0.0,0.0,0.0,0.0,0.0,0.0,0.0,0.0,1.0,0.0,1.0,1.0,1.0,0.0,0.0,0.0,0.0
ethanol,mdea+,Classic,1.0,0.0,1.0,0.0,0.0,0.0,0.0,0.0,Classic,0.0,0.0,0.0,0.0,0.0,0.0,0.0,0.0,1.0,0.0,1.0,1.0,1.0,0.0,0.0,0.0,0.0
meg,mdea+,Classic,1.0,0.0,1.0,0.0,0.0,0.0,0.0,0.0,Classic,0.0,0.0,0.0,0.0,0.0,0.0,0.0,0.0,1.0,0.0,1.0,1.0,1.0,0.0,0.0,0.0,0.0
deg,mdea+,Classic,1.0,0.0,1.0,0.0,0.0,0.0,0.0,0.0,Classic,0.0,0.0,0.0,0.0,0.0,0.0,0.0,0.0,1.0,0.0,1.0,1.0,1.0,0.0,0.0,0.0,0.0
teg,mdea+,Classic,1.0,0.0,1.0,0.0,0.0,0.0,0.0,0.0,Classic,0.0,0.0,0.0,0.0,0.0,0.0,0.0,0.0,1.0,0.0,1.0,1.0,1.0,0.0,0.0,0.0,0.0
nacl,mdea+,Classic,1.0,0.0,1.0,0.0,0.0,0.0,0.0,0.0,Classic,0.0,0.0,0.0,0.0,0.0,0.0,0.0,0.0,1.0,0.0,1.0,1.0,1.0,0.0,0.0,0.0,0.0
cacl2,mdea+,Classic,1.0,0.0,1.0,0.0,0.0,0.0,0.0,0.0,Classic,0.0,0.0,0.0,0.0,0.0,0.0,0.0,0.0,1.0,0.0,1.0,1.0,1.0,0.0,0.0,0.0,0.0
helium,mdea+,Classic,1.0,0.0,1.0,0.0,0.0,0.0,0.0,0.0,Classic,0.0,0.0,0.0,0.0,0.0,0.0,0.0,0.0,1.0,0.0,1.0,1.0,1.0,0.0,0.0,0.0,0.0
hydrogen,mdea+,Classic,1.0,0.0,1.0,0.0,0.0,0.0,0.0,0.0,Classic,0.0,0.0,0.0,0.0,0.0,0.0,0.0,0.0,1.0,0.0,1.0,1.0,1.0,0.0,0.0,0.0,0.0
nitrogen,mdea+,Classic,1.0,0.0,1.0,0.0,0.0,0.0,0.0,0.0,Classic,0.0,0.0,0.0,0.0,0.0,0.0,0.0,0.0,1.0,0.0,1.0,1.0,1.0,0.0,0.0,0.0,0.0
oxygen,mdea+,Classic,1.0,0.0,1.0,0.0,0.0,0.0,0.0,0.0,Classic,0.0,0.0,0.0,0.0,0.0,0.0,0.0,0.0,1.0,0.0,1.0,1.0,1.0,0.0,0.0,0.0,0.0
h2s,mdea+,Classic,1.0,0.0,1.0,0.0,0.0,0.0,0.0,0.0,Classic,0.0,0.0,0.0,0.0,0.0,0.0,0.0,0.0,1.0,0.0,1.0,1.0,1.0,0.0,0.0,0.0,0.0
ethane,mdea+,Classic,1.0,0.0,1.0,0.0,0.0,0.0,0.0,0.0,Classic,0.0,0.0,0.0,0.0,0.0,0.0,0.0,0.0,1.0,0.0,1.0,1.0,1.0,0.0,0.0,0.0,0.0
propane,mdea+,Classic,1.0,0.0,1.0,0.0,0.0,0.0,0.0,0.0,Classic,0.0,0.0,0.0,0.0,0.0,0.0,0.0,0.0,1.0,0.0,1.0,1.0,1.0,0.0,0.0,0.0,0.0
c-propane,mdea+,Classic,1.0,0.0,1.0,0.0,0.0,0.0,0.0,0.0,Classic,0.0,0.0,0.0,0.0,0.0,0.0,0.0,0.0,1.0,0.0,1.0,1.0,1.0,0.0,0.0,0.0,0.0
i-butane,mdea+,Classic,1.0,0.0,1.0,0.0,0.0,0.0,0.0,0.0,Classic,0.0,0.0,0.0,0.0,0.0,0.0,0.0,0.0,1.0,0.0,1.0,1.0,1.0,0.0,0.0,0.0,0.0
n-butane,mdea+,Classic,1.0,0.0,1.0,0.0,0.0,0.0,0.0,0.0,Classic,0.0,0.0,0.0,0.0,0.0,0.0,0.0,0.0,1.0,0.0,1.0,1.0,1.0,0.0,0.0,0.0,0.0
c-c4,mdea+,Classic,1.0,0.0,1.0,0.0,0.0,0.0,0.0,0.0,Classic,0.0,0.0,0.0,0.0,0.0,0.0,0.0,0.0,1.0,0.0,1.0,1.0,1.0,0.0,0.0,0.0,0.0
i-pentane,mdea+,Classic,1.0,0.0,1.0,0.0,0.0,0.0,0.0,0.0,Classic,0.0,0.0,0.0,0.0,0.0,0.0,0.0,0.0,1.0,0.0,1.0,1.0,1.0,0.0,0.0,0.0,0.0
n-pentane,mdea+,Classic,1.0,0.0,1.0,0.0,0.0,0.0,0.0,0.0,Classic,0.0,0.0,0.0,0.0,0.0,0.0,0.0,0.0,1.0,0.0,1.0,1.0,1.0,0.0,0.0,0.0,0.0
2-m-c5,mdea+,Classic,1.0,0.0,1.0,0.0,0.0,0.0,0.0,0.0,Classic,0.0,0.0,0.0,0.0,0.0,0.0,0.0,0.0,1.0,0.0,1.0,1.0,1.0,0.0,0.0,0.0,0.0
3-m-c5,mdea+,Classic,1.0,0.0,1.0,0.0,0.0,0.0,0.0,0.0,Classic,0.0,0.0,0.0,0.0,0.0,0.0,0.0,0.0,1.0,0.0,1.0,1.0,1.0,0.0,0.0,0.0,0.0
n-hexane,mdea+,Classic,1.0,0.0,1.0,0.0,0.0,0.0,0.0,0.0,Classic,0.0,0.0,0.0,0.0,0.0,0.0,0.0,0.0,1.0,0.0,1.0,1.0,1.0,0.0,0.0,0.0,0.0
benzene,mdea+,Classic,1.0,0.0,1.0,0.0,0.0,0.0,0.0,0.0,Classic,0.0,0.0,0.0,0.0,0.0,0.0,0.0,0.0,1.0,0.0,1.0,1.0,1.0,0.0,0.0,0.0,0.0
c-hexane,mdea+,Classic,1.0,0.0,1.0,0.0,0.0,0.0,0.0,0.0,Classic,0.0,0.0,0.0,0.0,0.0,0.0,0.0,0.0,1.0,0.0,1.0,1.0,1.0,0.0,0.0,0.0,0.0
223-tm-c4,mdea+,Classic,1.0,0.0,1.0,0.0,0.0,0.0,0.0,0.0,Classic,0.0,0.0,0.0,0.0,0.0,0.0,0.0,0.0,1.0,0.0,1.0,1.0,1.0,0.0,0.0,0.0,0.0
n-heptane,mdea+,Classic,1.0,0.0,1.0,0.0,0.0,0.0,0.0,0.0,Classic,0.0,0.0,0.0,0.0,0.0,0.0,0.0,0.0,1.0,0.0,1.0,1.0,1.0,0.0,0.0,0.0,0.0
toluene,mdea+,Classic,1.0,0.0,1.0,0.0,0.0,0.0,0.0,0.0,Classic,0.0,0.0,0.0,0.0,0.0,0.0,0.0,0.0,1.0,0.0,1.0,1.0,1.0,0.0,0.0,0.0,0.0
c-c7,mdea+,Classic,1.0,0.0,1.0,0.0,0.0,0.0,0.0,0.0,Classic,0.0,0.0,0.0,0.0,0.0,0.0,0.0,0.0,1.0,0.0,1.0,1.0,1.0,0.0,0.0,0.0,0.0
c-c8,mdea+,Classic,1.0,0.0,1.0,0.0,0.0,0.0,0.0,0.0,Classic,0.0,0.0,0.0,0.0,0.0,0.0,0.0,0.0,1.0,0.0,1.0,1.0,1.0,0.0,0.0,0.0,0.0
h3o+,mdea+,Classic,1.0,0.0,1.0,0.0,0.0,0.0,0.0,0.0,Classic,0.0,0.0,0.0,0.0,0.0,0.0,0.0,0.0,1.0,0.0,1.0,1.0,1.0,0.0,0.0,0.0,0.0
hco3-,mdea+,Classic,1.0,0.0,1.0,0.0,0.0,0.0,0.0,0.0,Classic,0.0,0.0,0.0,0.0,0.0,0.0,0.0,0.0,1.0,0.0,1.0,1.0,1.0,0.0,0.0,0.0,0.0
oh-,mdea+,Classic,1.0,0.0,1.0,0.0,0.0,0.0,0.0,0.0,Classic,0.0,0.0,0.0,0.0,0.0,0.0,0.0,0.0,1.0,0.0,1.0,1.0,1.0,0.0,0.0,0.0,0.0
na+,mdea+,Classic,1.0,0.0,1.0,0.0,0.0,0.0,0.0,0.0,Classic,0.0,0.0,0.0,0.0,0.0,0.0,0.0,0.0,1.0,0.0,1.0,1.0,1.0,0.0,0.0,0.0,0.0
cl-,mdea+,Classic,1.0,0.0,1.0,0.0,0.0,0.0,0.0,0.0,Classic,0.0,0.0,0.0,0.0,0.0,0.0,0.0,0.0,1.0,0.0,1.0,1.0,1.0,0.0,0.0,0.0,0.0
ca++,mdea+,Classic,1.0,0.0,1.0,0.0,0.0,0.0,0.0,0.0,Classic,0.0,0.0,0.0,0.0,0.0,0.0,0.0,0.0,1.0,0.0,1.0,1.0,1.0,0.0,0.0,0.0,0.0
li+,mdea+,Classic,1.0,0.0,1.0,0.0,0.0,0.0,0.0,0.0,Classic,0.0,0.0,0.0,0.0,0.0,0.0,0.0,0.0,1.0,0.0,1.0,1.0,1.0,0.0,0.0,0.0,0.0
br-,mdea+,Classic,1.0,0.0,1.0,0.0,0.0,0.0,0.0,0.0,Classic,0.0,0.0,0.0,0.0,0.0,0.0,0.0,0.0,1.0,0.0,1.0,1.0,1.0,0.0,0.0,0.0,0.0
nh4+,mdea+,Classic,1.0,0.0,1.0,0.0,0.0,0.0,0.0,0.0,Classic,0.0,0.0,0.0,0.0,0.0,0.0,0.0,0.0,1.0,0.0,1.0,1.0,1.0,0.0,0.0,0.0,0.0
co3--,mdea+,Classic,1.0,0.0,1.0,0.0,0.0,0.0,0.0,0.0,Classic,0.0,0.0,0.0,0.0,0.0,0.0,0.0,0.0,1.0,0.0,1.0,1.0,1.0,0.0,0.0,0.0,0.0
deacoo-,mdea+,Classic,1.0,0.0,1.0,0.0,0.0,0.0,0.0,0.0,Classic,0.0,0.0,0.0,0.0,0.0,0.0,0.0,0.0,1.0,0.0,1.0,1.0,1.0,0.0,0.0,0.0,0.0
dea,mdea+,Classic,1.0,0.0,1.0,0.0,0.0,0.0,0.0,0.0,Classic,0.0,0.0,0.0,0.0,0.0,0.0,0.0,0.0,1.0,0.0,1.0,1.0,1.0,0.0,0.0,0.0,0.0
dea+,mdea+,Classic,1.0,0.0,1.0,0.0,0.0,0.0,0.0,0.0,Classic,0.0,0.0,0.0,0.0,0.0,0.0,0.0,0.0,1.0,0.0,1.0,1.0,1.0,0.0,0.0,0.0,0.0
k+,mdea+,Classic,1.0,0.0,1.0,0.0,0.0,0.0,0.0,0.0,Classic,0.0,0.0,0.0,0.0,0.0,0.0,0.0,0.0,1.0,0.0,1.0,1.0,1.0,0.0,0.0,0.0,0.0
hs-,mdea+,Classic,1.0,0.0,1.0,0.0,0.0,0.0,0.0,0.0,Classic,0.0,0.0,0.0,0.0,0.0,0.0,0.0,0.0,1.0,0.0,1.0,1.0,1.0,0.0,0.0,0.0,0.0
s--,mdea+,Classic,1.0,0.0,1.0,0.0,0.0,0.0,0.0,0.0,Classic,0.0,0.0,0.0,0.0,0.0,0.0,0.0,0.0,1.0,0.0,1.0,1.0,1.0,0.0,0.0,0.0,0.0
i-,mdea+,Classic,1.0,0.0,1.0,0.0,0.0,0.0,0.0,0.0,Classic,0.0,0.0,0.0,0.0,0.0,0.0,0.0,0.0,1.0,0.0,1.0,1.0,1.0,0.0,0.0,0.0,0.0
mg++,mdea+,Classic,0.0,0.0,1.0,0.0,0.0,0.0,0.0,0.0,Classic,0.0,0.0,0.0,0.0,0.0,0.0,0.0,0.0,0.0,0.0,0.0,0.0,0.0,0.0,0.0,0.0,0.0
ba++,mdea+,Classic,0.0,0.0,1.0,0.0,0.0,0.0,0.0,0.0,Classic,0.0,0.0,0.0,0.0,0.0,0.0,0.0,0.0,0.0,0.0,0.0,0.0,0.0,0.0,0.0,0.0,0.0
sr++,mdea+,Classic,0.0,0.0,1.0,0.0,0.0,0.0,0.0,0.0,Classic,0.0,0.0,0.0,0.0,0.0,0.0,0.0,0.0,0.0,0.0,0.0,0.0,0.0,0.0,0.0,0.0,0.0
ethanol,nitrogen,HV,0.5,0.0,0.5,0.0,0.0,0.395,308.0,364.0,WS,0.395,1610.0,255.0,0.0,0.0,0.0,0.0,0.0,0.0,0.0,0.0,0.0,0.0,0.0,0.0,0.0,0.5
meg,nitrogen,Classic,0.2,0.0,0.2,0.0,0.0,0.3656,2063.0,601.7,Classic,0.3656,2063.0,601.7,0.0,0.0,0.0,0.0,0.0,0.0,0.0,0.0,0.0,0.0,0.0,0.0,0.0,0.2
deg,nitrogen,Classic,0.2,0.0,0.2,0.0,0.0,0.3656,2063.0,601.7,Classic,0.3656,2063.0,601.7,0.0,0.0,0.0,0.0,0.0,0.0,0.0,0.0,0.0,0.0,0.0,0.0,0.0,0.2
teg,nitrogen,Classic,0.2,0.0,0.2,0.0,0.0,0.3656,2063.0,601.7,Classic,0.3656,2063.0,601.7,0.0,0.0,0.0,0.0,0.0,0.0,0.0,0.0,0.0,0.0,0.0,0.0,0.0,0.2
nacl,nitrogen,HV,3.2,0.0,3.2,0.0,0.0,0.0105,94947.0,1773.0,WS,0.084,7623.0,5281.0,0.0,0.0,0.0,0.0,0.0,0.0,0.0,0.0,0.0,0.0,0.0,0.0,0.0,3.2
cacl2,nitrogen,Classic,2.29,0.0,2.29,0.0,0.0,0.0174,80541.0,2200.0,WS,0.055,8790.0,14765.0,0.0,0.0,0.0,0.0,0.0,0.0,0.0,0.0,0.0,0.0,0.0,0.0,0.0,2.29
helium,nitrogen,Classic,0.0,0.0,0.0,0.0,0.0,0.0,0.0,0.0,Classic,0.0,0.0,0.0,0.0,0.0,0.0,0.0,0.0,0.0,0.0,0.0,0.0,0.0,0.0,0.0,0.0,0.0
hydrogen,nitrogen,Classic,0.0071,0.0,0.0071,0.0,-0.013,0.0,0.0,0.0,Classic,0.0,0.0,0.0,0.0,0.0,0.0,0.0,0.0,0.0071,0.0,0.0071,0.0071,0.0071,0.0,0.0,0.0,0.0071
argon,nitrogen,Classic,0.0,0.0,0.0,0.0,0.0,0.0,0.0,0.0,Classic,0.0,0.0,0.0,0.0,0.0,0.0,0.0,0.0,0.0,0.0,0.0,0.0,0.0,0.0,0.0,0.0,0.0
co2,nitrogen,Classic,-0.0171,0.0,-0.019997,0.0,-0.017,0.0,0.0,0.0,Classic,0.0,0.0,0.0,0.0,0.0,0.0,0.0,0.0,0.0,0.0,0.0,0.0,0.0,0.0,0.0,0.0,0.0
h2s,nitrogen,Classic,0.14,0.0,0.14,0.0,0.042,0.0,0.0,0.0,Classic,0.0,0.0,0.0,0.0,0.0,0.0,0.0,0.0,0.0,0.0,0.0,0.0,0.0,0.0,0.0,0.0,0.14
c-propane,nitrogen,Classic,0.0,0.0,0.0,0.0,0.0,0.0,0.0,0.0,Classic,0.0,0.0,0.0,0.0,0.0,0.0,0.0,0.0,0.0,0.0,0.0,0.0,0.0,0.0,0.0,0.0,0.0
i-butane,nitrogen,Classic,0.13150001,0.0,0.094999,0.0,0.0,0.0,0.0,0.0,Classic,0.0,0.0,0.0,0.0,0.0,0.0,0.0,0.0,0.08,0.0,0.08,0.08,0.08,0.0,0.0,0.0,0.094999
n-butane,nitrogen,Classic,0.1007,0.0,0.1007,0.0,0.0715,0.0,0.0,0.0,Classic,0.0,0.0,0.0,0.0,0.0,0.0,0.0,0.0,0.08,0.0,0.08,0.08,0.08,0.0,0.0,0.0,0.0711
c-c4,nitrogen,Classic,0.0,0.0,0.0,0.0,0.0,0.0,0.0,0.0,Classic,0.0,0.0,0.0,0.0,0.0,0.0,0.0,0.0,0.0,0.0,0.0,0.0,0.0,0.0,0.0,0.0,0.0
i-pentane,nitrogen,Classic,0.093,0.0,0.094999,0.0,0.0,0.0,0.0,0.0,Classic,0.0,0.0,0.0,0.0,0.0,0.0,0.0,0.0,0.08,0.0,0.08,0.08,0.08,0.0,0.0,0.0,0.094999
n-pentane,nitrogen,Classic,0.093598,0.0,0.1,0.0,0.078,0.0,0.0,0.0,Classic,0.0,0.0,0.0,0.0,0.0,0.0,0.0,0.0,0.08,0.0,0.08,0.08,0.08,0.0,0.0,0.0,0.1
2-m-c5,nitrogen,Classic,0.0,0.0,0.0,0.0,0.0,0.0,0.0,0.0,Classic,0.0,0.0,0.0,0.0,0.0,0.0,0.0,0.0,0.0,0.0,0.0,0.0,0.0,0.0,0.0,0.0,0.0
3-m-c5,nitrogen,Classic,0.0,0.0,0.0,0.0,0.0,0.0,0.0,0.0,Classic,0.0,0.0,0.0,0.0,0.0,0.0,0.0,0.0,0.0,0.0,0.0,0.0,0.0,0.0,0.0,0.0,0.0
n-hexane,nitrogen,Classic,0.08,0.0,0.08,0.0,0.09,0.0,0.0,0.0,Classic,0.0,0.0,0.0,0.0,0.0,0.0,0.0,0.0,0.08,0.0,0.08,0.08,0.08,0.0,0.0,0.0,0.1496
benzene,nitrogen,Classic,0.2131,0.0,0.2131,0.0,0.0,0.0,0.0,0.0,Classic,0.0,0.0,0.0,0.0,0.0,0.0,0.0,0.0,0.0,0.0,0.0,0.0,0.0,0.0,0.0,0.0,0.2131
c-hexane,nitrogen,Classic,0.0,0.0,0.0,0.0,0.0,0.0,0.0,0.0,Classic,0.0,0.0,0.0,0.0,0.0,0.0,0.0,0.0,0.0,0.0,0.0,0.0,0.0,0.0,0.0,0.0,0.0
223-tm-c4,nitrogen,Classic,0.0,0.0,0.0,0.0,0.0,0.0,0.0,0.0,Classic,0.0,0.0,0.0,0.0,0.0,0.0,0.0,0.0,0.0,0.0,0.0,0.0,0.0,0.0,0.0,0.0,0.0
n-heptane,nitrogen,Classic,0.142199993,0.0,0.142199993,0.0,0.101,0.0,0.0,0.0,Classic,0.0,0.0,0.0,0.0,0.0,0.0,0.0,0.0,0.08,0.0,0.08,0.08,0.08,0.0,0.0,0.0,0.1441
toluene,nitrogen,Classic,0.0,0.0,0.0,0.0,0.0,0.0,0.0,0.0,Classic,0.0,0.0,0.0,0.0,0.0,0.0,0.0,0.0,0.0,0.0,0.0,0.0,0.0,0.0,0.0,0.0,0.0
c-c7,nitrogen,Classic,0.0,0.0,0.0,0.0,0.0,0.0,0.0,0.0,Classic,0.0,0.0,0.0,0.0,0.0,0.0,0.0,0.0,0.0,0.0,0.0,0.0,0.0,0.0,0.0,0.0,0.0
c-c8,nitrogen,Classic,0.08,0.0,0.08,0.0,0.0,0.0,0.0,0.0,Classic,0.0,0.0,0.0,0.0,0.0,0.0,0.0,0.0,0.08,0.0,0.08,0.08,0.08,0.0,0.0,0.0,0.08
h3o+,nitrogen,Classic,0.0,0.0,0.0,0.0,0.0,0.0,0.0,0.0,Classic,0.0,0.0,0.0,0.0,0.0,0.0,0.0,0.0,0.0,0.0,0.0,0.0,0.0,0.0,0.0,0.0,0.0
mdea,nitrogen,Classic,0.0,0.0,0.0,0.0,0.0,0.0,0.0,0.0,Classic,0.0,0.0,0.0,0.0,0.0,0.0,0.0,0.0,0.0,0.0,0.0,0.0,0.0,0.0,0.0,0.0,0.0
hco3-,nitrogen,Classic,0.0,0.0,0.0,0.0,0.0,0.0,0.0,0.0,Classic,0.0,0.0,0.0,0.0,0.0,0.0,0.0,0.0,0.0,0.0,0.0,0.0,0.0,0.0,0.0,0.0,0.0
oh-,nitrogen,Classic,0.0,0.0,0.0,0.0,0.0,0.0,0.0,0.0,Classic,0.0,0.0,0.0,0.0,0.0,0.0,0.0,0.0,0.0,0.0,0.0,0.0,0.0,0.0,0.0,0.0,0.0
na+,nitrogen,Classic,0.0,0.0,0.0,0.0,0.0,0.0,0.0,0.0,Classic,0.0,0.0,0.0,0.0,0.0,0.0,0.0,0.0,0.0,0.0,0.0,0.0,0.0,0.0,0.0,0.0,0.0
cl-,nitrogen,Classic,0.0,0.0,0.0,0.0,0.0,0.0,0.0,0.0,Classic,0.0,0.0,0.0,0.0,0.0,0.0,0.0,0.0,0.0,0.0,0.0,0.0,0.0,0.0,0.0,0.0,0.0
ca++,nitrogen,Classic,0.0,0.0,0.0,0.0,0.0,0.0,0.0,0.0,Classic,0.0,0.0,0.0,0.0,0.0,0.0,0.0,0.0,0.0,0.0,0.0,0.0,0.0,0.0,0.0,0.0,0.0
li+,nitrogen,Classic,0.0,0.0,0.0,0.0,0.0,0.0,0.0,0.0,Classic,0.0,0.0,0.0,0.0,0.0,0.0,0.0,0.0,0.0,0.0,0.0,0.0,0.0,0.0,0.0,0.0,0.0
br-,nitrogen,Classic,0.0,0.0,0.0,0.0,0.0,0.0,0.0,0.0,Classic,0.0,0.0,0.0,0.0,0.0,0.0,0.0,0.0,0.0,0.0,0.0,0.0,0.0,0.0,0.0,0.0,0.0
nh4+,nitrogen,Classic,0.0,0.0,0.0,0.0,0.0,0.0,0.0,0.0,Classic,0.0,0.0,0.0,0.0,0.0,0.0,0.0,0.0,0.0,0.0,0.0,0.0,0.0,0.0,0.0,0.0,0.0
co3--,nitrogen,Classic,0.0,0.0,0.0,0.0,0.0,0.0,0.0,0.0,Classic,0.0,0.0,0.0,0.0,0.0,0.0,0.0,0.0,0.0,0.0,0.0,0.0,0.0,0.0,0.0,0.0,0.0
deacoo-,nitrogen,Classic,1.0,0.0,1.0,0.0,0.0,0.0,0.0,0.0,Classic,0.0,0.0,0.0,0.0,0.0,0.0,0.0,0.0,1.0,0.0,1.0,1.0,1.0,0.0,0.0,0.0,0.0
dea,nitrogen,Classic,1.0,0.0,1.0,0.0,0.0,0.0,0.0,0.0,Classic,0.0,0.0,0.0,0.0,0.0,0.0,0.0,0.0,1.0,0.0,1.0,1.0,1.0,0.0,0.0,0.0,0.0
dea+,nitrogen,Classic,1.0,0.0,1.0,0.0,0.0,0.0,0.0,0.0,Classic,0.0,0.0,0.0,0.0,0.0,0.0,0.0,0.0,1.0,0.0,1.0,1.0,1.0,0.0,0.0,0.0,0.0
k+,nitrogen,Classic,1.0,0.0,1.0,0.0,0.0,0.0,0.0,0.0,Classic,0.0,0.0,0.0,0.0,0.0,0.0,0.0,0.0,1.0,0.0,1.0,1.0,1.0,0.0,0.0,0.0,0.0
hs-,nitrogen,Classic,1.0,0.0,1.0,0.0,0.0,0.0,0.0,0.0,Classic,0.0,0.0,0.0,0.0,0.0,0.0,0.0,0.0,1.0,0.0,1.0,1.0,1.0,0.0,0.0,0.0,0.0
s--,nitrogen,Classic,1.0,0.0,1.0,0.0,0.0,0.0,0.0,0.0,Classic,0.0,0.0,0.0,0.0,0.0,0.0,0.0,0.0,1.0,0.0,1.0,1.0,1.0,0.0,0.0,0.0,0.0
i-,nitrogen,Classic,1.0,0.0,1.0,0.0,0.0,0.0,0.0,0.0,Classic,0.0,0.0,0.0,0.0,0.0,0.0,0.0,0.0,1.0,0.0,1.0,1.0,1.0,0.0,0.0,0.0,0.0
mg++,nitrogen,Classic,0.0,0.0,1.0,0.0,0.0,0.0,0.0,0.0,Classic,0.0,0.0,0.0,0.0,0.0,0.0,0.0,0.0,0.0,0.0,0.0,0.0,0.0,0.0,0.0,0.0,0.0
ba++,nitrogen,Classic,0.0,0.0,1.0,0.0,0.0,0.0,0.0,0.0,Classic,0.0,0.0,0.0,0.0,0.0,0.0,0.0,0.0,0.0,0.0,0.0,0.0,0.0,0.0,0.0,0.0,0.0
sr++,nitrogen,Classic,0.0,0.0,1.0,0.0,0.0,0.0,0.0,0.0,Classic,0.0,0.0,0.0,0.0,0.0,0.0,0.0,0.0,0.0,0.0,0.0,0.0,0.0,0.0,0.0,0.0,0.0
deg,h2s,Classic,0.2,0.0,0.2,0.0,0.0,0.3656,2063.0,601.7,Classic,0.0,0.0,0.0,0.0,0.0,0.0,0.0,0.0,0.0,0.0,0.0,0.0,0.0,0.0,0.0,0.0,0.2
teg,h2s,Classic,0.2,0.0,0.2,0.0,0.0,0.3656,2063.0,601.7,Classic,0.0,0.0,0.0,0.0,0.0,0.0,0.0,0.0,0.0,0.0,0.0,0.0,0.0,0.0,0.0,0.0,0.2
nacl,h2s,HV,0.8,0.0,0.8,0.0,0.0,-0.1379,1809.48,658.64,Classic,0.0,0.0,0.0,0.0,0.0,0.0,0.0,0.0,0.0,0.0,0.0,0.0,0.0,0.0,0.0,0.0,0.8
cacl2,h2s,HV,0.5,0.0,0.5,0.0,0.0,-0.1872,-1646.0,1195.0,Classic,0.0,0.0,0.0,0.0,0.0,0.0,0.0,0.0,0.5,0.0,0.5,0.5,0.5,0.0,0.0,0.0,0.5
helium,h2s,Classic,0.0,0.0,0.0,0.0,0.0,0.0,0.0,0.0,Classic,0.0,0.0,0.0,0.0,0.0,0.0,0.0,0.0,0.0,0.0,0.0,0.0,0.0,0.0,0.0,0.0,0.0
hydrogen,h2s,Classic,0.0831,0.0,0.0831,0.0,0.0,0.0,0.0,0.0,Classic,0.0,0.0,0.0,0.0,0.0,0.0,0.0,0.0,0.0831,0.0,0.0831,0.0831,0.0831,0.0,0.0,0.0,0.0831
c-propane,h2s,Classic,0.0,0.0,0.0,0.0,0.0,0.0,0.0,0.0,Classic,0.0,0.0,0.0,0.0,0.0,0.0,0.0,0.0,0.0,0.0,0.0,0.0,0.0,0.0,0.0,0.0,0.0
i-butane,h2s,Classic,0.06,0.0,0.06,0.0,0.0,0.0,0.0,0.0,Classic,0.0,0.0,0.0,0.0,0.0,0.0,0.0,0.0,0.06,0.0,0.06,0.06,0.06,0.0,0.0,0.0,0.06
n-butane,h2s,Classic,0.06,0.0,0.06,0.0,0.035,0.0,0.0,0.0,Classic,0.0,0.0,0.0,0.0,0.0,0.0,0.0,0.0,0.06,0.0,0.06,0.06,0.06,0.0,0.0,0.0,0.06
c-c4,h2s,Classic,0.0,0.0,0.0,0.0,0.0,0.0,0.0,0.0,Classic,0.0,0.0,0.0,0.0,0.0,0.0,0.0,0.0,0.0,0.0,0.0,0.0,0.0,0.0,0.0,0.0,0.0
i-pentane,h2s,Classic,0.0697,0.0,0.06,0.0,0.0,0.0,0.0,0.0,Classic,0.0,0.0,0.0,0.0,0.0,0.0,0.0,0.0,0.06,0.0,0.06,0.06,0.06,0.0,0.0,0.0,0.06
n-pentane,h2s,Classic,0.0697,0.0,0.06,0.0,0.038,0.0,0.0,0.0,Classic,0.0,0.0,0.0,0.0,0.0,0.0,0.0,0.0,0.06,0.0,0.06,0.06,0.06,0.0,0.0,0.0,0.06
2-m-c5,h2s,Classic,0.0,0.0,0.0,0.0,0.0,0.0,0.0,0.0,Classic,0.0,0.0,0.0,0.0,0.0,0.0,0.0,0.0,0.0,0.0,0.0,0.0,0.0,0.0,0.0,0.0,0.0
3-m-c5,h2s,Classic,0.0,0.0,0.0,0.0,0.0,0.0,0.0,0.0,Classic,0.0,0.0,0.0,0.0,0.0,0.0,0.0,0.0,0.0,0.0,0.0,0.0,0.0,0.0,0.0,0.0,0.0
n-hexane,h2s,Classic,0.05,0.0,0.05,0.0,0.0,0.0,0.0,0.0,Classic,0.0,0.0,0.0,0.0,0.0,0.0,0.0,0.0,0.05,0.0,0.05,0.05,0.05,0.0,0.0,0.0,0.05
benzene,h2s,Classic,0.0,0.0,0.0,0.0,0.0,0.0,0.0,0.0,Classic,0.0,0.0,0.0,0.0,0.0,0.0,0.0,0.0,0.0,0.0,0.0,0.0,0.0,0.0,0.0,0.0,0.0
c-hexane,h2s,Classic,0.0,0.0,0.0,0.0,0.0,0.0,0.0,0.0,Classic,0.0,0.0,0.0,0.0,0.0,0.0,0.0,0.0,0.0,0.0,0.0,0.0,0.0,0.0,0.0,0.0,0.0
223-tm-c4,h2s,Classic,0.0,0.0,0.0,0.0,0.0,0.0,0.0,0.0,Classic,0.0,0.0,0.0,0.0,0.0,0.0,0.0,0.0,0.0,0.0,0.0,0.0,0.0,0.0,0.0,0.0,0.0
toluene,h2s,Classic,0.0,0.0,0.0,0.0,0.0,0.0,0.0,0.0,Classic,0.0,0.0,0.0,0.0,0.0,0.0,0.0,0.0,0.0,0.0,0.0,0.0,0.0,0.0,0.0,0.0,0.0
c-c7,h2s,Classic,0.0,0.0,0.0,0.0,0.0,0.0,0.0,0.0,Classic,0.0,0.0,0.0,0.0,0.0,0.0,0.0,0.0,0.0,0.0,0.0,0.0,0.0,0.0,0.0,0.0,0.0
c-c8,h2s,Classic,0.04,0.0,0.04,0.0,0.0,0.0,0.0,0.0,Classic,0.0,0.0,0.0,0.0,0.0,0.0,0.0,0.0,0.04,0.0,0.04,0.04,0.04,0.0,0.0,0.0,0.04
h3o+,h2s,Classic,0.0,0.0,0.0,0.0,0.0,0.0,0.0,0.0,Classic,0.0,0.0,0.0,0.0,0.0,0.0,0.0,0.0,0.0,0.0,0.0,0.0,0.0,0.0,0.0,0.0,0.0
mdea,h2s,Classic,0.0,0.0,0.0,0.0,0.0,-0.9067,2928.0,5567.0,Classic,0.0,0.0,0.0,0.0,-2.44,15.11,0.0,0.0,0.0,0.0,0.0,0.0,0.0,0.0,0.0,0.0,0.0
hco3-,h2s,Classic,0.0,0.0,0.0,0.0,0.0,0.0,0.0,0.0,Classic,0.0,0.0,0.0,0.0,0.0,0.0,0.0,0.0,0.0,0.0,0.0,0.0,0.0,0.0,0.0,0.0,0.0
oh-,h2s,Classic,0.0,0.0,0.0,0.0,0.0,0.0,0.0,0.0,Classic,0.0,0.0,0.0,0.0,0.0,0.0,0.0,0.0,0.0,0.0,0.0,0.0,0.0,0.0,0.0,0.0,0.0
na+,h2s,Classic,0.0,0.0,0.0,0.0,0.0,0.0,0.0,0.0,Classic,0.0,0.0,0.0,0.0,0.0,0.0,0.0,0.0,0.0,0.0,0.0,0.0,0.0,0.0,0.0,0.0,0.0
cl-,h2s,Classic,0.0,0.0,0.0,0.0,0.0,0.0,0.0,0.0,Classic,0.0,0.0,0.0,0.0,0.0,0.0,0.0,0.0,0.0,0.0,0.0,0.0,0.0,0.0,0.0,0.0,0.0
ca++,h2s,Classic,0.0,0.0,0.0,0.0,0.0,0.0,0.0,0.0,Classic,0.0,0.0,0.0,0.0,0.0,0.0,0.0,0.0,0.0,0.0,0.0,0.0,0.0,0.0,0.0,0.0,0.0
li+,h2s,Classic,0.0,0.0,0.0,0.0,0.0,0.0,0.0,0.0,Classic,0.0,0.0,0.0,0.0,0.0,0.0,0.0,0.0,0.0,0.0,0.0,0.0,0.0,0.0,0.0,0.0,0.0
br-,h2s,Classic,0.0,0.0,0.0,0.0,0.0,0.0,0.0,0.0,Classic,0.0,0.0,0.0,0.0,0.0,0.0,0.0,0.0,0.0,0.0,0.0,0.0,0.0,0.0,0.0,0.0,0.0
nh4+,h2s,Classic,0.0,0.0,0.0,0.0,0.0,0.0,0.0,0.0,Classic,0.0,0.0,0.0,0.0,0.0,0.0,0.0,0.0,0.0,0.0,0.0,0.0,0.0,0.0,0.0,0.0,0.0
co3--,h2s,Classic,0.0,0.0,0.0,0.0,0.0,0.0,0.0,0.0,Classic,0.0,0.0,0.0,0.0,0.0,0.0,0.0,0.0,0.0,0.0,0.0,0.0,0.0,0.0,0.0,0.0,0.0
deacoo-,h2s,Classic,1.0,0.0,1.0,0.0,0.0,0.0,0.0,0.0,Classic,0.0,0.0,0.0,0.0,0.0,0.0,0.0,0.0,1.0,0.0,1.0,1.0,1.0,0.0,0.0,0.0,0.0
dea,h2s,Classic,1.0,0.0,1.0,0.0,0.0,0.0,0.0,0.0,Classic,0.0,0.0,0.0,0.0,0.0,0.0,0.0,0.0,1.0,0.0,1.0,1.0,1.0,0.0,0.0,0.0,0.0
dea+,h2s,Classic,1.0,0.0,1.0,0.0,0.0,0.0,0.0,0.0,Classic,0.0,0.0,0.0,0.0,0.0,0.0,0.0,0.0,1.0,0.0,1.0,1.0,1.0,0.0,0.0,0.0,0.0
k+,h2s,Classic,1.0,0.0,1.0,0.0,0.0,0.0,0.0,0.0,Classic,0.0,,0.0,0.0,0.0,0.0,0.0,0.0,1.0,0.0,1.0,1.0,1.0,0.0,0.0,0.0,0.0
hs-,h2s,Classic,1.0,0.0,1.0,0.0,0.0,0.0,0.0,0.0,Classic,0.0,0.0,0.0,0.0,0.0,0.0,0.0,0.0,1.0,0.0,1.0,1.0,1.0,0.0,0.0,0.0,0.0
s--,h2s,Classic,1.0,0.0,1.0,0.0,0.0,0.0,0.0,0.0,Classic,0.0,0.0,0.0,0.0,0.0,0.0,0.0,0.0,1.0,0.0,1.0,1.0,1.0,0.0,0.0,0.0,0.0
i-,h2s,Classic,1.0,0.0,1.0,0.0,0.0,0.0,0.0,0.0,Classic,0.0,0.0,0.0,0.0,0.0,0.0,0.0,0.0,1.0,0.0,1.0,1.0,1.0,0.0,0.0,0.0,0.0
mg++,h2s,Classic,0.0,0.0,1.0,0.0,0.0,0.0,0.0,0.0,Classic,0.0,0.0,0.0,0.0,0.0,0.0,0.0,0.0,0.0,0.0,0.0,0.0,0.0,0.0,0.0,0.0,0.0
ba++,h2s,Classic,0.0,0.0,1.0,0.0,0.0,0.0,0.0,0.0,Classic,0.0,0.0,0.0,0.0,0.0,0.0,0.0,0.0,0.0,0.0,0.0,0.0,0.0,0.0,0.0,0.0,0.0
sr++,h2s,Classic,0.0,0.0,1.0,0.0,0.0,0.0,0.0,0.0,Classic,0.0,0.0,0.0,0.0,0.0,0.0,0.0,0.0,0.0,0.0,0.0,0.0,0.0,0.0,0.0,0.0,0.0
ethanol,methanol,Classic,0.0504,0.0,0.0504,0.0,0.0,0.0,0.0,0.0,Classic,0.0,0.0,0.0,0.0,0.0,0.0,0.0,0.0,0.0,0.0,0.0,0.0,0.0,0.0,0.0,0.0,0.0504
meg,methanol,Classic,0.074,0.0,0.074,0.0,0.0,0.0,0.0,0.0,Classic,0.0,0.0,0.0,0.0,0.0,0.0,0.0,0.0,0.0,0.0,0.0,0.0,0.0,0.0,0.0,0.0,0.074
deg,methanol,Classic,0.0882,0.0,0.0882,0.0,0.0,0.0,0.0,0.0,Classic,0.0,0.0,0.0,0.0,0.0,0.0,0.0,0.0,0.0882,0.0,0.0882,0.0882,0.0882,0.0,0.0,0.0,0.0882
teg,methanol,Classic,0.1817,0.0,0.1817,0.0,0.0,0.0,0.0,0.0,Classic,0.0,0.0,0.0,0.0,0.0,0.0,0.0,0.0,0.0,0.0,0.0,0.0,0.0,0.0,0.0,0.0,0.1817
nacl,methanol,Classic,0.1221,0.0,0.1221,0.0,0.0,0.0,0.0,0.0,Classic,0.0,0.0,0.0,0.0,0.0,0.0,0.0,0.0,0.1221,0.0,0.1221,0.1221,0.1221,0.0,0.0,0.0,0.1221
cacl2,methanol,Classic,0.2045,0.0,0.2045,0.0,0.0,0.0,0.0,0.0,Classic,0.0,0.0,0.0,0.0,0.0,0.0,0.0,0.0,0.2045,0.0,0.2045,0.2045,0.2045,0.0,0.0,0.0,0.2045
helium,methanol,Classic,0.5,0.0,0.5,0.0,0.0,0.0,0.0,0.0,Classic,0.0,0.0,0.0,0.0,0.0,0.0,0.0,0.0,0.0,0.0,0.0,0.0,0.5,0.0,0.0,0.0,0.5
hydrogen,methanol,Classic,0.5,0.0,0.5,0.0,0.0,0.0,0.0,0.0,Classic,0.0,0.0,0.0,0.0,0.0,0.0,0.0,0.0,0.0,0.0,0.0,0.0,0.0,0.0,0.0,0.0,0.5
nitrogen,methanol,HV,0.5,0.0,0.5,0.0,0.0,0.395,364.0,308.0,WS,0.395,364.0,308.0,0.0,0.0,0.0,0.0,0.0,0.0,0.0,0.0,0.0,0.0,0.0,0.0,0.0,0.5
h2s,methanol,HV,0.5,0.0,0.5,0.0,0.0,0.395,45.0,965.0,WS,0.395,45.0,965.0,0.0,0.0,0.0,0.0,0.0,0.0,0.0,0.0,0.0,0.0,0.0,0.0,0.0,0.5
methane,methanol,HV,0.13,0.0,0.13,0.0,0.0,0.395,255.0,1610.0,WS,0.395,255.0,1610.0,0.0,0.0,0.0,0.0,0.0,0.0134,0.0,0.0134,0.0134,0.0134,0.0,0.0,0.0,0.13
c-propane,methanol,Classic,0.5,0.0,0.5,0.0,0.0,0.0,0.0,0.0,Classic,0.0,0.0,0.0,0.0,0.0,0.0,0.0,0.0,0.0,0.0,0.0,0.0,0.0,0.0,0.0,0.0,0.5
i-butane,methanol,HV,0.25,0.0,0.25,0.0,0.0,0.395,1603.0,1135.0,WS,0.395,1603.0,1135.0,0.0,0.0,0.0,0.0,0.0,0.0,0.0,0.0,0.0,0.0,0.0,0.0,0.0,0.25
c-c4,methanol,Classic,0.5,0.0,0.5,0.0,0.0,0.0,0.0,0.0,Classic,0.0,0.0,0.0,0.0,0.0,0.0,0.0,0.0,0.0,0.0,0.0,0.0,0.0,0.0,0.0,0.0,0.5
i-pentane,methanol,HV,0.26,0.0,0.26,0.0,0.0,0.395,744.0,1071.0,WS,0.395,744.0,1071.0,0.0,0.0,0.0,0.0,0.0,0.0,0.0,0.0,0.0,0.0,0.0,0.0,0.0,0.26
n-pentane,methanol,HV,0.26,0.0,0.26,0.0,0.0,0.395,1230.0,1186.0,WS,0.395,1230.0,1186.0,0.0,0.0,0.0,0.0,0.0,0.051,0.0,0.051,0.051,0.0,0.0,0.0,0.0,0.26
2-m-c5,methanol,Classic,0.5,0.0,0.5,0.0,0.0,0.0,0.0,0.0,Classic,0.0,0.0,0.0,0.0,0.0,0.0,0.0,0.0,0.0,0.0,0.0,0.0,0.0,0.0,0.0,0.0,0.5
3-m-c5,methanol,Classic,0.5,0.0,0.5,0.0,0.0,0.0,0.0,0.0,Classic,0.0,0.0,0.0,0.0,0.0,0.0,0.0,0.0,0.0,0.0,0.0,0.0,0.0,0.0,0.0,0.0,0.5
n-hexane,methanol,HV,0.28,0.0,0.28,0.0,0.0,0.395,758.0,1276.0,WS,0.395,758.0,1276.0,0.0,0.0,0.0,0.0,0.0,0.001,0.0,0.001,0.001,0.0,0.0,0.0,0.0,0.28
benzene,methanol,Classic,0.5,0.0,0.5,0.0,0.0,0.0,0.0,0.0,Classic,0.0,0.0,0.0,0.0,0.0,0.0,0.0,0.0,0.006,0.0,0.006,0.006,0.0,0.0,0.0,0.0,0.5
c-hexane,methanol,Classic,0.5,0.0,0.5,0.0,0.0,0.0,0.0,0.0,Classic,0.0,0.0,0.0,0.0,0.0,0.0,0.0,0.0,0.0,0.0,0.0,0.0,0.0,0.0,0.0,0.0,0.5
223-tm-c4,methanol,Classic,0.5,0.0,0.5,0.0,0.0,0.0,0.0,0.0,Classic,0.0,0.0,0.0,0.0,0.0,0.0,0.0,0.0,0.0,0.0,0.0,0.0,0.0,0.0,0.0,0.0,0.5
toluene,methanol,Classic,0.5,0.0,0.5,0.0,0.0,0.0,0.0,0.0,Classic,0.0,0.0,0.0,0.0,0.0,0.0,0.0,0.0,0.0,0.0,0.0,0.0,0.0,0.0,0.0,0.0,0.5
c-c7,methanol,Classic,0.5,0.0,0.5,0.0,0.0,0.0,0.0,0.0,Classic,0.0,0.0,0.0,0.0,0.0,0.0,0.0,0.0,0.0,0.0,0.0,0.0,0.0,0.0,0.0,0.0,0.5
c-c8,methanol,Classic,0.31,0.0,0.31,0.0,0.0,0.395,758.0,1276.0,Classic,0.395,758.0,1276.0,0.0,0.0,0.0,0.0,0.0,0.0,0.0,0.0,0.0,0.0,0.0,0.0,0.0,0.31
h3o+,methanol,Classic,0.0,0.0,0.0,0.0,0.0,0.0,0.0,0.0,Classic,0.0,0.0,0.0,0.0,0.0,0.0,0.0,0.0,0.0,0.0,0.0,0.0,0.0,0.0,0.0,0.0,0.0
hco3-,methanol,Classic,0.0,0.0,0.0,0.0,0.0,0.0,0.0,0.0,Classic,0.0,0.0,0.0,0.0,0.0,0.0,0.0,0.0,0.0,0.0,0.0,0.0,0.0,0.0,0.0,0.0,0.0
oh-,methanol,Classic,0.0,0.0,0.0,0.0,0.0,0.0,0.0,0.0,Classic,0.0,0.0,0.0,0.0,0.0,0.0,0.0,0.0,0.0,0.0,0.0,0.0,0.0,0.0,0.0,0.0,0.0
na+,methanol,HV,0.0,0.0,0.0,0.0,0.0,0.2,350.0,0.0,Classic,0.2,350.0,0.0,0.0,-10.0,0.0,0.0,0.0,0.0,0.0,0.0,0.0,0.0,0.0,0.0,0.0,
cl-,methanol,HV,0.0,0.0,0.0,0.0,0.0,0.2,-1700.0,0.0,Classic,0.2,-1700.0,0.0,0.0,4.0,0.0,0.0,0.0,0.0,0.0,0.0,0.0,0.0,0.0,0.0,0.0,
ca++,methanol,Classic,1.0,0.0,1.0,0.0,0.0,0.0,0.0,0.0,Classic,0.0,0.0,0.0,0.0,0.0,0.0,0.0,0.0,1.0,0.0,1.0,1.0,1.0,0.0,0.0,0.0,0.0
li+,methanol,HV,0.0,0.0,0.0,0.0,0.0,0.2,-900.0,0.0,Classic,0.2,-900.0,0.0,0.0,-7.0,0.0,0.0,0.0,0.0,0.0,0.0,0.0,0.0,0.0,0.0,0.0,
br-,methanol,HV,0.0,0.0,0.0,0.0,0.0,0.2,-1300.0,0.0,Classic,0.2,-1300.0,0.0,0.0,3.0,0.0,0.0,0.0,0.0,0.0,0.0,0.0,0.0,0.0,0.0,0.0,
nh4+,methanol,Classic,1.0,0.0,1.0,0.0,0.0,0.0,0.0,0.0,Classic,0.0,0.0,0.0,0.0,0.0,0.0,0.0,0.0,1.0,0.0,1.0,1.0,1.0,0.0,0.0,0.0,0.0
co3--,methanol,Classic,1.0,0.0,1.0,0.0,0.0,0.0,0.0,0.0,Classic,0.0,0.0,0.0,0.0,0.0,0.0,0.0,0.0,1.0,0.0,1.0,1.0,1.0,0.0,0.0,0.0,0.0
deacoo-,methanol,Classic,1.0,0.0,1.0,0.0,0.0,0.0,0.0,0.0,Classic,0.0,0.0,0.0,0.0,0.0,0.0,0.0,0.0,1.0,0.0,1.0,1.0,1.0,0.0,0.0,0.0,0.0
dea,methanol,Classic,1.0,0.0,1.0,0.0,0.0,0.0,0.0,0.0,Classic,0.0,0.0,0.0,0.0,0.0,0.0,0.0,0.0,1.0,0.0,1.0,1.0,1.0,0.0,0.0,0.0,0.0
dea+,methanol,Classic,1.0,0.0,1.0,0.0,0.0,0.0,0.0,0.0,Classic,0.0,0.0,0.0,0.0,0.0,0.0,0.0,0.0,1.0,0.0,1.0,1.0,1.0,0.0,0.0,0.0,0.0
k+,methanol,HV,0.0,0.0,0.0,0.0,0.0,0.2,1400.0,0.0,Classic,0.2,1400.0,0.0,0.0,-6.0,0.0,0.0,0.0,0.0,0.0,0.0,0.0,0.0,0.0,0.0,0.0,
hs-,methanol,Classic,1.0,0.0,1.0,0.0,0.0,0.0,0.0,0.0,Classic,0.0,0.0,0.0,0.0,0.0,0.0,0.0,0.0,1.0,0.0,1.0,1.0,1.0,0.0,0.0,0.0,0.0
s--,methanol,Classic,1.0,0.0,1.0,0.0,0.0,0.0,0.0,0.0,Classic,0.0,0.0,0.0,0.0,0.0,0.0,0.0,0.0,1.0,0.0,1.0,1.0,1.0,0.0,0.0,0.0,0.0
i-,methanol,Classic,1.0,0.0,1.0,0.0,0.0,0.0,0.0,0.0,Classic,0.0,0.0,0.0,0.0,0.0,0.0,0.0,0.0,1.0,0.0,1.0,1.0,1.0,0.0,0.0,0.0,0.0
mg++,methanol,Classic,0.0,0.0,1.0,0.0,0.0,0.0,0.0,0.0,Classic,0.0,0.0,0.0,0.0,0.0,0.0,0.0,0.0,0.0,0.0,0.0,0.0,0.0,0.0,0.0,0.0,0.0
ba++,methanol,Classic,0.0,0.0,1.0,0.0,0.0,0.0,0.0,0.0,Classic,0.0,0.0,0.0,0.0,0.0,0.0,0.0,0.0,0.0,0.0,0.0,0.0,0.0,0.0,0.0,0.0,0.0
sr++,methanol,Classic,0.0,0.0,1.0,0.0,0.0,0.0,0.0,0.0,Classic,0.0,0.0,0.0,0.0,0.0,0.0,0.0,0.0,0.0,0.0,0.0,0.0,0.0,0.0,0.0,0.0,0.0
ethanol,meg,Classic,0.1626,0.0,0.1626,0.0,0.0,0.0,0.0,0.0,Classic,0.0,0.0,0.0,0.0,0.0,0.0,0.0,0.0,0.0,0.0,0.0,0.0,0.0,0.0,0.0,0.0,0.1626
deg,meg,Classic,0.0301,0.0,0.0301,0.0,0.0,0.0,0.0,0.0,Classic,0.0,0.0,0.0,0.0,0.0,0.0,0.0,0.0,0.0,0.0,0.0,0.0,0.0,0.0,0.0,0.0,0.0301
teg,meg,Classic,0.0059,0.0,0.0059,0.0,0.0,0.0,0.0,0.0,Classic,0.0,0.0,0.0,0.0,0.0,0.0,0.0,0.0,-0.025,0.0,-0.01,-0.01,0.0,0.0,0.0,0.0,0.0059
helium,meg,Classic,0.2,0.0,0.2,0.0,0.0,0.0,0.0,0.0,Classic,0.0,0.0,0.0,0.0,0.0,0.0,0.0,0.0,0.0,0.0,0.0,0.0,0.0,0.0,0.0,0.0,0.2
hydrogen,meg,Classic,0.2,0.0,0.2,0.0,0.0,0.0,0.0,0.0,Classic,0.0,0.0,0.0,0.0,0.0,0.0,0.0,0.0,0.0,0.0,0.0,0.0,0.0,0.0,0.0,0.0,0.2
h2s,meg,Classic,0.2,0.0,0.2,0.0,0.0,0.3656,601.7,2063.0,Classic,0.3656,601.7,2063.0,0.0,0.0,0.0,0.0,0.0,0.0,0.0,0.0,0.0,0.0,0.0,0.0,0.0,0.2
c-propane,meg,Classic,0.2,0.0,0.2,0.0,0.0,0.0,0.0,0.0,Classic,0.0,0.0,0.0,0.0,0.0,0.0,0.0,0.0,0.0,0.0,0.0,0.0,0.0,0.0,0.0,0.0,0.2
i-butane,meg,Classic,0.2,0.0,0.2,0.0,0.0,0.3656,601.7,2063.0,Classic,0.3656,601.7,2063.0,0.0,0.0,0.0,0.0,0.0,0.0,0.0,0.0,0.0,0.0,0.0,0.0,0.0,0.2
n-butane,meg,Classic,0.2,0.0,0.2,0.0,0.0,0.3656,601.7,2063.0,Classic,0.3656,601.7,2063.0,0.0,0.0,0.0,0.0,0.0,0.0,0.0,0.0,0.0,0.0,0.0,0.0,0.0,0.2
c-c4,meg,Classic,0.2,0.0,0.2,0.0,0.0,0.0,0.0,0.0,Classic,0.0,0.0,0.0,0.0,0.0,0.0,0.0,0.0,0.0,0.0,0.0,0.0,0.0,0.0,0.0,0.0,0.2
i-pentane,meg,Classic,0.2,0.0,0.2,0.0,0.0,0.3656,601.7,2063.0,Classic,0.3656,601.7,2063.0,0.0,0.0,0.0,0.0,0.0,0.0,0.0,0.0,0.0,0.0,0.0,0.0,0.0,0.2
n-pentane,meg,Classic,0.2,0.0,0.2,0.0,0.0,0.3656,601.7,2063.0,Classic,0.3656,601.7,2063.0,0.0,0.0,0.0,0.0,0.0,0.0,0.0,0.0,0.0,0.0,0.0,0.0,0.0,0.2
2-m-c5,meg,Classic,0.2,0.0,0.2,0.0,0.0,0.0,0.0,0.0,Classic,0.0,0.0,0.0,0.0,0.0,0.0,0.0,0.0,0.0,0.0,0.0,0.0,0.0,0.0,0.0,0.0,0.2
3-m-c5,meg,Classic,0.2,0.0,0.2,0.0,0.0,0.0,0.0,0.0,Classic,0.0,0.0,0.0,0.0,0.0,0.0,0.0,0.0,0.0,0.0,0.0,0.0,0.0,0.0,0.0,0.0,0.2
n-hexane,meg,Classic,0.2,0.0,0.2,0.0,0.0,0.3656,601.7,2063.0,Classic,0.3656,601.7,2063.0,0.0,0.0,0.0,0.0,0.0,0.059,0.0,0.059,0.059,0.0,0.0,0.0,0.0,0.2
benzene,meg,Classic,0.2,0.0,0.2,0.0,0.0,0.0,0.0,0.0,Classic,0.0,0.0,0.0,0.0,0.0,0.0,0.0,0.0,0.049,0.0,0.049,0.049,0.0,0.0,0.04,0.0,0.2
c-hexane,meg,Classic,0.2,0.0,0.2,0.0,0.0,0.0,0.0,0.0,Classic,0.0,0.0,0.0,0.0,0.0,0.0,0.0,0.0,0.0,0.0,0.0,0.0,0.0,0.0,0.0,0.0,0.2
223-tm-c4,meg,Classic,0.2,0.0,0.2,0.0,0.0,0.0,0.0,0.0,Classic,0.0,0.0,0.0,0.0,0.0,0.0,0.0,0.0,0.0,0.0,0.0,0.0,0.0,0.0,0.0,0.0,0.2
toluene,meg,Classic,0.2,0.0,0.2,0.0,0.0,0.0,0.0,0.0,Classic,0.0,0.0,0.0,0.0,0.0,0.0,0.0,0.0,0.051,0.0,0.051,0.051,0.0,0.0,0.042,0.0,0.2
c-c7,meg,Classic,0.2,0.0,0.2,0.0,0.0,0.0,0.0,0.0,Classic,0.0,0.0,0.0,0.0,0.0,0.0,0.0,0.0,0.0,0.0,0.0,0.0,0.0,0.0,0.0,0.0,0.2
c-c8,meg,Classic,0.2,0.0,0.2,0.0,0.0,0.3656,601.7,2063.0,Classic,0.3656,601.7,2063.0,0.0,0.0,0.0,0.0,0.0,0.0,0.0,0.0,0.0,0.0,0.0,0.0,0.0,0.2
h3o+,meg,Classic,0.0,0.0,0.0,0.0,0.0,0.0,0.0,0.0,Classic,0.0,0.0,0.0,0.0,0.0,0.0,0.0,0.0,0.0,0.0,0.0,0.0,0.0,0.0,0.0,0.0,0.0
hco3-,meg,HV,0.0,0.0,0.0,0.0,0.0,0.2,-1300.0,0.0,Classic,0.2,-1300.0,0.0,0.0,4.5,0.0,0.0,0.0,0.0,0.0,0.0,0.0,0.0,0.0,0.0,0.0,
oh-,meg,Classic,0.0,0.0,0.0,0.0,0.0,0.0,0.0,0.0,Classic,0.0,0.0,0.0,0.0,0.0,0.0,0.0,0.0,0.0,0.0,0.0,0.0,0.0,0.0,0.0,0.0,0.0
na+,meg,HV,0.0,0.0,0.0,0.0,0.0,0.2,400.0,0.0,Classic,0.2,400.0,0.0,0.0,-15.0,0.0,0.0,0.0,0.0,0.0,0.0,0.0,0.0,0.0,0.0,0.0,
cl-,meg,HV,0.0,0.0,0.0,0.0,0.0,0.2,-1600.0,0.0,Classic,0.2,-1600.0,0.0,0.0,5.0,0.0,0.0,0.0,0.0,0.0,0.0,0.0,0.0,0.0,0.0,0.0,
ca++,meg,HV,0.0,0.0,0.0,0.0,0.0,0.2,4500.0,0.0,Classic,0.2,4500.0,0.0,0.0,-40.0,0.0,0.0,0.0,0.0,0.0,0.0,0.0,0.0,0.0,0.0,0.0,
li+,meg,HV,0.0,0.0,0.0,0.0,0.0,0.2,-800.0,0.0,Classic,0.2,-800.0,0.0,0.0,-10.0,0.0,0.0,0.0,0.0,0.0,0.0,0.0,0.0,0.0,0.0,0.0,
br-,meg,HV,0.0,0.0,0.0,0.0,0.0,0.2,-1200.0,0.0,Classic,0.2,-1200.0,0.0,0.0,4.0,0.0,0.0,0.0,0.0,0.0,0.0,0.0,0.0,0.0,0.0,0.0,
nh4+,meg,Classic,1.0,0.0,1.0,0.0,0.0,0.0,0.0,0.0,Classic,0.0,0.0,0.0,0.0,0.0,0.0,0.0,0.0,0.0,0.0,0.0,0.0,0.0,0.0,0.0,0.0,0.0
co3--,meg,Classic,1.0,0.0,1.0,0.0,0.0,0.0,0.0,0.0,Classic,0.0,0.0,0.0,0.0,0.0,0.0,0.0,0.0,0.0,0.0,0.0,0.0,0.0,0.0,0.0,0.0,0.0
deacoo-,meg,Classic,1.0,0.0,1.0,0.0,0.0,0.0,0.0,0.0,Classic,0.0,0.0,0.0,0.0,0.0,0.0,0.0,0.0,1.0,0.0,1.0,1.0,0.0,0.0,0.0,0.0,0.0
dea,meg,Classic,1.0,0.0,1.0,0.0,0.0,0.0,0.0,0.0,Classic,0.0,0.0,0.0,0.0,0.0,0.0,0.0,0.0,0.0,0.0,0.0,0.0,0.0,0.0,0.0,0.0,0.0
dea+,meg,Classic,1.0,0.0,1.0,0.0,0.0,0.0,0.0,0.0,Classic,0.0,0.0,0.0,0.0,0.0,0.0,0.0,0.0,0.0,0.0,0.0,0.0,0.0,0.0,0.0,0.0,0.0
k+,meg,HV,0.0,0.0,0.0,0.0,0.0,0.2,1500.0,0.0,Classic,0.2,1500.0,0.0,0.0,-9.0,0.0,0.0,0.0,0.0,0.0,0.0,0.0,0.0,0.0,0.0,0.0,
hs-,meg,Classic,1.0,0.0,1.0,0.0,0.0,0.0,0.0,0.0,Classic,0.0,0.0,0.0,0.0,0.0,0.0,0.0,0.0,1.0,0.0,1.0,1.0,1.0,0.0,0.0,0.0,0.0
s--,meg,Classic,1.0,0.0,1.0,0.0,0.0,0.0,0.0,0.0,Classic,0.0,0.0,0.0,0.0,0.0,0.0,0.0,0.0,1.0,0.0,1.0,1.0,1.0,0.0,0.0,0.0,0.0
i-,meg,Classic,1.0,0.0,1.0,0.0,0.0,0.0,0.0,0.0,Classic,0.0,0.0,0.0,0.0,0.0,0.0,0.0,0.0,1.0,0.0,1.0,1.0,1.0,0.0,0.0,0.0,0.0
mg++,meg,HV,0.0,0.0,0.0,0.0,0.0,0.2,3500.0,0.0,Classic,0.2,3500.0,0.0,0.0,-45.0,0.0,0.0,0.0,0.0,0.0,0.0,0.0,0.0,0.0,0.0,0.0,
ba++,meg,Classic,0.0,0.0,1.0,0.0,0.0,0.0,0.0,0.0,Classic,0.0,0.0,0.0,0.0,0.0,0.0,0.0,0.0,0.0,0.0,0.0,0.0,0.0,0.0,0.0,0.0,0.0
sr++,meg,Classic,0.0,0.0,1.0,0.0,0.0,0.0,0.0,0.0,Classic,0.0,0.0,0.0,0.0,0.0,0.0,0.0,0.0,0.0,0.0,0.0,0.0,0.0,0.0,0.0,0.0,0.0
ethanol,teg,Classic,0.2876,0.0,0.2876,0.0,0.0,0.0,0.0,0.0,Classic,0.0,0.0,0.0,0.0,0.0,0.0,0.0,0.0,0.0,0.0,0.0,0.0,0.0,0.0,0.0,0.0,0.2876
deg,teg,Classic,0.0,0.0,0.0,0.0,0.0,0.0,0.0,0.0,Classic,0.0,0.0,0.0,0.0,0.0,0.0,0.0,0.0,0.0,0.0,0.0,0.0,0.0,0.0,0.0,0.0,0.0
nacl,teg,Classic,0.365,0.0,0.365,0.0,0.0,0.0,0.0,0.0,Classic,0.0,0.0,0.0,0.0,0.0,0.0,0.0,0.0,0.0,0.0,0.0,0.0,0.0,0.0,0.0,0.0,0.365
cacl2,teg,HV,0.13,0.0,0.13,0.0,0.0,-3.054,352.3,206.9,Classic,0.0,0.0,0.0,0.0,0.0,0.0,0.0,0.0,0.0,0.0,0.0,0.0,0.0,0.0,0.0,0.0,0.13
helium,teg,Classic,0.2,0.0,0.2,0.0,0.0,0.0,0.0,0.0,Classic,0.0,0.0,0.0,0.0,0.0,0.0,0.0,0.0,0.0,0.0,0.0,0.0,0.0,0.0,0.0,0.0,0.2
hydrogen,teg,Classic,0.2,0.0,0.2,0.0,0.0,0.0,0.0,0.0,Classic,0.0,0.0,0.0,0.0,0.0,0.0,0.0,0.0,0.0,0.0,0.0,0.0,0.0,0.0,0.0,0.0,0.2
c-propane,teg,Classic,0.2,0.0,0.2,0.0,0.0,0.0,0.0,0.0,Classic,0.0,0.0,0.0,0.0,0.0,0.0,0.0,0.0,0.0,0.0,0.0,0.0,0.0,0.0,0.0,0.0,0.2
i-butane,teg,Classic,0.2,0.0,0.2,0.0,0.0,0.3656,601.7,2063.0,Classic,0.3656,601.7,2063.0,0.0,0.0,0.0,0.0,0.0,0.0,0.0,0.0,0.0,0.0,0.0,0.0,0.0,0.2
c-c4,teg,Classic,0.2,0.0,0.2,0.0,0.0,0.0,0.0,0.0,Classic,0.0,0.0,0.0,0.0,0.0,0.0,0.0,0.0,0.0,0.0,0.0,0.0,0.0,0.0,0.0,0.0,0.2
i-pentane,teg,Classic,0.2,0.0,0.2,0.0,0.0,0.3656,601.7,2063.0,Classic,0.3656,601.7,2063.0,0.0,0.0,0.0,0.0,0.0,0.0,0.0,0.0,0.0,0.0,0.0,0.0,0.0,0.2
2-m-c5,teg,Classic,0.2,0.0,0.2,0.0,0.0,0.0,0.0,0.0,Classic,0.0,0.0,0.0,0.0,0.0,0.0,0.0,0.0,0.0,0.0,0.0,0.0,0.0,0.0,0.0,0.0,0.2
3-m-c5,teg,Classic,0.2,0.0,0.2,0.0,0.0,0.0,0.0,0.0,Classic,0.0,0.0,0.0,0.0,0.0,0.0,0.0,0.0,0.0,0.0,0.0,0.0,0.0,0.0,0.0,0.0,0.2
n-hexane,teg,Classic,0.2,0.0,0.2,0.0,0.0,0.3656,601.7,2063.0,Classic,0.3656,601.7,2063.0,0.0,0.0,0.0,0.0,0.0,0.07,0.0,0.07,0.07,0.0,0.0,0.0,0.0,0.2
benzene,teg,Classic,0.2,0.0,0.2,0.0,0.0,0.0,0.0,0.0,Classic,0.0,0.0,0.0,0.0,0.0,0.0,0.0,0.0,0.032,0.0,0.032,0.032,0.0,0.0,0.083,0.0,0.2
c-hexane,teg,Classic,0.2,0.0,0.2,0.0,0.0,0.0,0.0,0.0,Classic,0.0,0.0,0.0,0.0,0.0,0.0,0.0,0.0,0.0,0.0,0.0,0.0,0.0,0.0,0.0,0.0,0.2
223-tm-c4,teg,Classic,0.2,0.0,0.2,0.0,0.0,0.0,0.0,0.0,Classic,0.0,0.0,0.0,0.0,0.0,0.0,0.0,0.0,0.0,0.0,0.0,0.0,0.0,0.0,0.0,0.0,0.2
toluene,teg,Classic,0.2,0.0,0.2,0.0,0.0,0.0,0.0,0.0,Classic,0.0,0.0,0.0,0.0,0.0,0.0,0.0,0.0,0.038,0.0,0.038,0.038,0.0,0.0,0.048,0.0,0.2
c-c7,teg,Classic,0.2,0.0,0.2,0.0,0.0,0.0,0.0,0.0,Classic,0.0,0.0,0.0,0.0,0.0,0.0,0.0,0.0,0.0,0.0,0.0,0.0,0.0,0.0,0.0,0.0,0.2
c-c8,teg,Classic,0.2,0.0,0.2,0.0,0.0,0.3656,601.7,2063.0,Classic,0.3656,601.7,2063.0,0.0,0.0,0.0,0.0,0.0,0.0,0.0,0.0,0.0,0.0,0.0,0.0,0.0,0.2
h3o+,teg,Classic,1.0,0.0,0.0,0.0,0.0,0.0,0.0,0.0,Classic,0.0,0.0,0.0,0.0,0.0,0.0,0.0,0.0,1.0,0.0,1.0,1.0,1.0,0.0,0.0,0.0,0.0
mdea,teg,HV,0.0,0.0,0.0,0.0,0.0,0.386,-1124.83,763.56,Classic,0.0,0.0,0.0,0.0,0.0,0.0,0.0,0.0,0.0,0.0,0.0,0.0,0.0,0.0,0.0,0.0,0.0
hco3-,teg,Classic,0.0,0.0,0.0,0.0,0.0,0.0,0.0,0.0,Classic,0.0,0.0,0.0,0.0,0.0,0.0,0.0,0.0,0.0,0.0,0.0,0.0,0.0,0.0,0.0,0.0,0.0
oh-,teg,Classic,0.0,0.0,0.0,0.0,0.0,0.0,0.0,0.0,Classic,0.0,0.0,0.0,0.0,0.0,0.0,0.0,0.0,0.0,0.0,0.0,0.0,0.0,0.0,0.0,0.0,0.0
na+,teg,HV,0.0,0.0,0.0,0.0,0.0,0.2,500.0,0.0,Classic,0.2,500.0,0.0,0.0,-13.0,0.0,0.0,0.0,0.0,0.0,0.0,0.0,0.0,0.0,0.0,0.0,
cl-,teg,HV,0.0,0.0,0.0,0.0,0.0,0.2,-1500.0,0.0,Classic,0.2,-1500.0,0.0,0.0,4.5,0.0,0.0,0.0,0.0,0.0,0.0,0.0,0.0,0.0,0.0,0.0,
ca++,teg,Classic,1.0,0.0,1.0,0.0,0.0,0.0,0.0,0.0,Classic,0.0,0.0,0.0,0.0,0.0,0.0,0.0,0.0,1.0,0.0,1.0,1.0,1.0,0.0,0.0,0.0,0.0
li+,teg,Classic,1.0,0.0,1.0,0.0,0.0,0.0,0.0,0.0,Classic,0.0,0.0,0.0,0.0,0.0,0.0,0.0,0.0,1.0,0.0,1.0,1.0,1.0,0.0,0.0,0.0,0.0
br-,teg,Classic,1.0,0.0,1.0,0.0,0.0,0.0,0.0,0.0,Classic,0.0,0.0,0.0,0.0,0.0,0.0,0.0,0.0,1.0,0.0,1.0,1.0,1.0,0.0,0.0,0.0,0.0
nh4+,teg,Classic,1.0,0.0,1.0,0.0,0.0,0.0,0.0,0.0,Classic,0.0,0.0,0.0,0.0,0.0,0.0,0.0,0.0,1.0,0.0,1.0,1.0,1.0,0.0,0.0,0.0,0.0
co3--,teg,Classic,1.0,0.0,1.0,0.0,0.0,0.0,0.0,0.0,Classic,0.0,0.0,0.0,0.0,0.0,0.0,0.0,0.0,1.0,0.0,1.0,1.0,1.0,0.0,0.0,0.0,0.0
deacoo-,teg,Classic,1.0,0.0,1.0,0.0,0.0,0.0,0.0,0.0,Classic,0.0,0.0,0.0,0.0,0.0,0.0,0.0,0.0,1.0,0.0,1.0,1.0,1.0,0.0,0.0,0.0,0.0
dea,teg,Classic,1.0,0.0,1.0,0.0,0.0,0.0,0.0,0.0,Classic,0.0,0.0,0.0,0.0,0.0,0.0,0.0,0.0,1.0,0.0,1.0,1.0,1.0,0.0,0.0,0.0,0.0
dea+,teg,Classic,1.0,0.0,1.0,0.0,0.0,0.0,0.0,0.0,Classic,0.0,0.0,0.0,0.0,0.0,0.0,0.0,0.0,1.0,0.0,1.0,1.0,1.0,0.0,0.0,0.0,0.0
k+,teg,HV,0.0,0.0,0.0,0.0,0.0,0.2,1600.0,0.0,Classic,0.2,1600.0,0.0,0.0,-8.0,0.0,0.0,0.0,0.0,0.0,0.0,0.0,0.0,0.0,0.0,0.0,
hs-,teg,Classic,1.0,0.0,1.0,0.0,0.0,0.0,0.0,0.0,Classic,0.0,0.0,0.0,0.0,0.0,0.0,0.0,0.0,1.0,0.0,1.0,1.0,1.0,0.0,0.0,0.0,0.0
s--,teg,Classic,1.0,0.0,1.0,0.0,0.0,0.0,0.0,0.0,Classic,0.0,0.0,0.0,0.0,0.0,0.0,0.0,0.0,1.0,0.0,1.0,1.0,1.0,0.0,0.0,0.0,0.0
i-,teg,Classic,1.0,0.0,1.0,0.0,0.0,0.0,0.0,0.0,Classic,0.0,0.0,0.0,0.0,0.0,0.0,0.0,0.0,1.0,0.0,1.0,1.0,1.0,0.0,0.0,0.0,0.0
mg++,teg,Classic,0.0,0.0,1.0,0.0,0.0,0.0,0.0,0.0,Classic,0.0,0.0,0.0,0.0,0.0,0.0,0.0,0.0,0.0,0.0,0.0,0.0,0.0,0.0,0.0,0.0,0.0
ba++,teg,Classic,0.0,0.0,1.0,0.0,0.0,0.0,0.0,0.0,Classic,0.0,0.0,0.0,0.0,0.0,0.0,0.0,0.0,0.0,0.0,0.0,0.0,0.0,0.0,0.0,0.0,0.0
sr++,teg,Classic,0.0,0.0,1.0,0.0,0.0,0.0,0.0,0.0,Classic,0.0,0.0,0.0,0.0,0.0,0.0,0.0,0.0,0.0,0.0,0.0,0.0,0.0,0.0,0.0,0.0,0.0
methanol,oxygen,Classic,0.5,0.0,0.5,0.0,0.0,0.0,0.0,0.0,WS,0.395,1610.0,255.0,0.0,0.0,0.0,0.0,0.0,0.0,0.0,0.0,0.0,0.0,0.0,0.0,0.0,0.5
ethanol,oxygen,Classic,0.5,0.0,0.5,0.0,0.0,0.0,0.0,0.0,WS,0.395,1610.0,255.0,0.0,0.0,0.0,0.0,0.0,0.0,0.0,0.0,0.0,0.0,0.0,0.0,0.0,0.5
meg,oxygen,Classic,0.2,0.0,0.2,0.0,0.0,0.0,0.0,0.0,Classic,0.3656,2063.0,601.7,0.0,0.0,0.0,0.0,0.0,0.0,0.0,0.0,0.0,0.0,0.0,0.0,0.0,0.2
deg,oxygen,Classic,0.2,0.0,0.2,0.0,0.0,0.0,0.0,0.0,Classic,0.3656,2063.0,601.7,0.0,0.0,0.0,0.0,0.0,0.0,0.0,0.0,0.0,0.0,0.0,0.0,0.0,0.2
teg,oxygen,Classic,0.2,0.0,0.2,0.0,0.0,0.0,0.0,0.0,Classic,0.3656,2063.0,601.7,0.0,0.0,0.0,0.0,0.0,0.0,0.0,0.0,0.0,0.0,0.0,0.0,0.0,0.2
nacl,oxygen,Classic,0.8,0.0,0.8,0.0,0.0,0.0,0.0,0.0,WS,0.084,7623.0,5281.0,0.0,0.0,0.0,0.0,0.0,0.0,0.0,0.0,0.0,0.0,0.0,0.0,0.0,0.8
cacl2,oxygen,Classic,0.5,0.0,0.5,0.0,0.0,0.0,0.0,0.0,WS,0.055,8790.0,14765.0,0.0,0.0,0.0,0.0,0.0,0.5,0.0,0.5,0.5,0.5,0.0,0.0,0.0,0.5
helium,oxygen,Classic,0.0,0.0,0.0,0.0,0.0,0.0,0.0,0.0,Classic,0.0,0.0,0.0,0.0,0.0,0.0,0.0,0.0,0.0,0.0,0.0,0.0,0.0,0.0,0.0,0.0,0.0
hydrogen,oxygen,Classic,0.0079,0.0,0.0079,0.0,0.0,0.0,0.0,0.0,Classic,0.0,0.0,0.0,0.0,0.0,0.0,0.0,0.0,0.0079,0.0,0.0079,0.0079,0.0079,0.0,0.0,0.0,0.0079
nitrogen,oxygen,Classic,-0.0078,0.0,-0.0078,0.0,0.0,0.0,0.0,0.0,Classic,0.0,0.0,0.0,0.0,0.0,0.0,0.0,0.0,-0.0078,0.0,-0.0078,-0.0078,-0.0078,0.0,0.0,0.0,-0.0078
oxygen,oxygen,Classic,0.0,0.0,0.0,0.0,0.0,0.0,0.0,0.0,Classic,0.0,0.0,0.0,0.0,0.0,0.0,0.0,0.0,0.0,0.0,0.0,0.0,0.0,0.0,0.0,0.0,0.0
co2,oxygen,Classic,0.0,0.0,0.0,0.0,0.0,0.0,0.0,0.0,Classic,0.0,0.0,0.0,0.0,0.0,0.0,0.0,0.0,0.0,0.0,0.0,0.0,0.0,0.0,0.0,0.0,0.0
h2s,oxygen,Classic,0.0,0.0,0.0,0.0,0.0,0.0,0.0,0.0,Classic,0.0,0.0,0.0,0.0,0.0,0.0,0.0,0.0,0.0,0.0,0.0,0.0,0.0,0.0,0.0,0.0,0.0
ethane,oxygen,Classic,0.0,0.0,0.0,0.0,0.0,0.0,0.0,0.0,Classic,0.0,0.0,0.0,0.0,0.0,0.0,0.0,0.0,0.0,0.0,0.0,0.0,0.0,0.0,0.0,0.0,0.0
propane,oxygen,Classic,0.0,0.0,0.0,0.0,0.0,0.0,0.0,0.0,Classic,0.0,0.0,0.0,0.0,0.0,0.0,0.0,0.0,0.0,0.0,0.0,0.0,0.0,0.0,0.0,0.0,0.0
c-propane,oxygen,Classic,0.0,0.0,0.0,0.0,0.0,0.0,0.0,0.0,Classic,0.0,0.0,0.0,0.0,0.0,0.0,0.0,0.0,0.0,0.0,0.0,0.0,0.0,0.0,0.0,0.0,0.0
i-butane,oxygen,Classic,0.0,0.0,0.0,0.0,0.0,0.0,0.0,0.0,Classic,0.0,0.0,0.0,0.0,0.0,0.0,0.0,0.0,0.0,0.0,0.0,0.0,0.0,0.0,0.0,0.0,0.0
n-butane,oxygen,Classic,0.0,0.0,0.0,0.0,0.0,0.0,0.0,0.0,Classic,0.0,0.0,0.0,0.0,0.0,0.0,0.0,0.0,0.0,0.0,0.0,0.0,0.0,0.0,0.0,0.0,0.0
c-c4,oxygen,Classic,0.0,0.0,0.0,0.0,0.0,0.0,0.0,0.0,Classic,0.0,0.0,0.0,0.0,0.0,0.0,0.0,0.0,0.0,0.0,0.0,0.0,0.0,0.0,0.0,0.0,0.0
i-pentane,oxygen,Classic,0.0,0.0,0.0,0.0,0.0,0.0,0.0,0.0,Classic,0.0,0.0,0.0,0.0,0.0,0.0,0.0,0.0,0.0,0.0,0.0,0.0,0.0,0.0,0.0,0.0,0.0
n-pentane,oxygen,Classic,0.0,0.0,0.0,0.0,0.0,0.0,0.0,0.0,Classic,0.0,0.0,0.0,0.0,0.0,0.0,0.0,0.0,0.0,0.0,0.0,0.0,0.0,0.0,0.0,0.0,0.0
2-m-c5,oxygen,Classic,0.0,0.0,0.0,0.0,0.0,0.0,0.0,0.0,Classic,0.0,0.0,0.0,0.0,0.0,0.0,0.0,0.0,0.0,0.0,0.0,0.0,0.0,0.0,0.0,0.0,0.0
3-m-c5,oxygen,Classic,0.0,0.0,0.0,0.0,0.0,0.0,0.0,0.0,Classic,0.0,0.0,0.0,0.0,0.0,0.0,0.0,0.0,0.0,0.0,0.0,0.0,0.0,0.0,0.0,0.0,0.0
n-hexane,oxygen,Classic,0.0,0.0,0.0,0.0,0.0,0.0,0.0,0.0,Classic,0.0,0.0,0.0,0.0,0.0,0.0,0.0,0.0,0.0,0.0,0.0,0.0,0.0,0.0,0.0,0.0,0.0
benzene,oxygen,Classic,0.0,0.0,0.0,0.0,0.0,0.0,0.0,0.0,Classic,0.0,0.0,0.0,0.0,0.0,0.0,0.0,0.0,0.0,0.0,0.0,0.0,0.0,0.0,0.0,0.0,0.0
c-hexane,oxygen,Classic,0.0,0.0,0.0,0.0,0.0,0.0,0.0,0.0,Classic,0.0,0.0,0.0,0.0,0.0,0.0,0.0,0.0,0.0,0.0,0.0,0.0,0.0,0.0,0.0,0.0,0.0
223-tm-c4,oxygen,Classic,0.0,0.0,0.0,0.0,0.0,0.0,0.0,0.0,Classic,0.0,0.0,0.0,0.0,0.0,0.0,0.0,0.0,0.0,0.0,0.0,0.0,0.0,0.0,0.0,0.0,0.0
n-heptane,oxygen,Classic,0.0,0.0,0.0,0.0,0.0,0.0,0.0,0.0,Classic,0.0,0.0,0.0,0.0,0.0,0.0,0.0,0.0,0.0,0.0,0.0,0.0,0.0,0.0,0.0,0.0,0.0
toluene,oxygen,Classic,0.0,0.0,0.0,0.0,0.0,0.0,0.0,0.0,Classic,0.0,0.0,0.0,0.0,0.0,0.0,0.0,0.0,0.0,0.0,0.0,0.0,0.0,0.0,0.0,0.0,0.0
c-c7,oxygen,Classic,0.0,0.0,0.0,0.0,0.0,0.0,0.0,0.0,Classic,0.0,0.0,0.0,0.0,0.0,0.0,0.0,0.0,0.0,0.0,0.0,0.0,0.0,0.0,0.0,0.0,0.0
c-c8,oxygen,Classic,0.0,0.0,0.0,0.0,0.0,0.0,0.0,0.0,Classic,0.0,0.0,0.0,0.0,0.0,0.0,0.0,0.0,0.0,0.0,0.0,0.0,0.0,0.0,0.0,0.0,0.0
h3o+,oxygen,Classic,0.0,0.0,0.0,0.0,0.0,0.0,0.0,0.0,Classic,0.0,0.0,0.0,0.0,0.0,0.0,0.0,0.0,0.0,0.0,0.0,0.0,0.0,0.0,0.0,0.0,0.0
hydrogen,n-pentane,Classic,0.2166,0.0,0.2166,0.0,0.0,0.0,0.0,0.0,Classic,0.2166,0.0,0.0,0.0,0.0,0.0,0.0,0.0,0.0,0.0,0.0,0.0,0.0,0.0,0.0,0.0,0.0
c-propane,n-pentane,Classic,0.0,0.0,0.0,0.0,0.0,0.0,0.0,0.0,Classic,0.0,0.0,0.0,0.0,0.0,0.0,0.0,0.0,0.0,0.0,0.0,0.0,0.0,0.0,0.0,0.0,0.25
i-butane,n-pentane,Classic,0.00081462,0.0,0.00081462,0.0,0.0,0.0,0.0,0.0,Classic,0.0,0.0,0.0,0.0,0.0,0.0,0.0,0.0,0.0,0.0,0.0,0.0,0.0,0.0,0.0,0.0,0.2
c-c4,n-pentane,Classic,0.0,0.0,0.0,0.0,0.0,0.0,0.0,0.0,Classic,0.0,0.0,0.0,0.0,0.0,0.0,0.0,0.0,0.0,0.0,0.0,0.0,0.0,0.0,0.0,0.0,0.2
i-pentane,n-pentane,Classic,0.00039999,0.0,0.00039999,0.0,0.0,0.0,0.0,0.0,Classic,0.0,0.0,0.0,0.0,0.0,0.0,0.0,0.0,0.0,0.0,0.0,0.0,0.0,0.0,0.0,0.0,0.7
n-pentane,n-pentane,Classic,0.0,0.0,0.0,0.0,0.0,0.0,0.0,0.0,Classic,0.0,0.0,0.0,0.0,0.0,0.0,0.0,0.0,0.0,0.0,0.0,0.0,0.0,0.0,0.0,0.0,1.35
2-m-c5,n-pentane,Classic,0.0,0.0,0.0,0.0,0.0,0.0,0.0,0.0,Classic,0.0,0.0,0.0,0.0,0.0,0.0,0.0,0.0,0.0,0.0,0.0,0.0,0.0,0.0,0.0,0.0,0.5
3-m-c5,n-pentane,Classic,0.0,0.0,0.0,0.0,0.0,0.0,0.0,0.0,Classic,0.0,0.0,0.0,0.0,0.0,0.0,0.0,0.0,0.0,0.0,0.0,0.0,0.0,0.0,0.0,0.0,0.0
n-hexane,n-pentane,Classic,0.0,0.0,0.0,0.0,0.0,0.0,0.0,0.0,Classic,0.0,0.0,0.0,0.0,0.0,0.0,0.0,0.0,0.0,0.0,0.0,0.0,0.0,0.0,0.0,0.0,0.1446
dea+,oxygen,Classic,1.0,0.0,1.0,0.0,0.0,0.0,0.0,0.0,Classic,0.0,0.0,0.0,0.0,0.0,0.0,0.0,0.0,1.0,0.0,1.0,1.0,1.0,0.0,0.0,0.0,0.0
k+,oxygen,Classic,1.0,0.0,1.0,0.0,0.0,0.0,0.0,0.0,Classic,0.0,0.0,0.0,0.0,0.0,0.0,0.0,0.0,1.0,0.0,1.0,1.0,1.0,0.0,0.0,0.0,0.00047251
hs-,oxygen,Classic,1.0,0.0,1.0,0.0,0.0,0.0,0.0,0.0,Classic,0.0,0.0,0.0,0.0,0.0,0.0,0.0,0.0,1.0,0.0,1.0,1.0,1.0,0.0,0.0,0.0,0.0
s--,oxygen,Classic,1.0,0.0,1.0,0.0,0.0,0.0,0.0,0.0,Classic,0.0,0.0,0.0,0.0,0.0,0.0,0.0,0.0,1.0,0.0,1.0,1.0,1.0,0.0,0.0,0.0,0.0
i-,oxygen,Classic,1.0,0.0,1.0,0.0,0.0,0.0,0.0,0.0,Classic,0.0,0.0,0.0,0.0,0.0,0.0,0.0,0.0,1.0,0.0,1.0,1.0,1.0,0.0,0.0,0.0,0.0
mg++,oxygen,Classic,0.0,0.0,1.0,0.0,0.0,0.0,0.0,0.0,Classic,0.0,0.0,0.0,0.0,0.0,0.0,0.0,0.0,0.0,0.0,0.0,0.0,0.0,0.0,0.0,0.0,0.00092632
ba++,oxygen,Classic,0.0,0.0,1.0,0.0,0.0,0.0,0.0,0.0,Classic,0.0,0.0,0.0,0.0,0.0,0.0,0.0,0.0,0.0,0.0,0.0,0.0,0.0,0.0,0.0,0.0,0.0
sr++,oxygen,Classic,0.0,0.0,1.0,0.0,0.0,0.0,0.0,0.0,Classic,0.0,0.0,0.0,0.0,0.0,0.0,0.0,0.0,0.0,0.0,0.0,0.0,0.0,0.0,0.0,0.0,0.0
water,n-butane,HV,0.52,0.0,0.52,0.0,0.0,0.12,-567.8,3181.0,WS,0.122,2467.0,274.0,0.0,1.97,-1.93,0.0,0.0,0.0875,0.0,0.0875,0.0875,0.0,0.0,0.0,0.0,0.0
methanol,n-butane,HV,0.25,0.0,0.25,0.0,0.0,0.395,1135.0,1603.0,WS,0.395,895.0,435.0,0.0,0.0,0.0,0.0,0.0,0.05,0.0,0.05,0.05,0.0,0.0,0.0,0.0,0.0
ethanol,n-butane,HV,0.25,0.0,0.25,0.0,0.0,0.395,1135.0,1603.0,WS,0.395,895.0,435.0,0.0,0.0,0.0,0.0,0.0,0.005,0.0,0.005,0.005,0.0,0.0,0.0,0.0,0.0
deg,n-butane,Classic,0.2,0.0,0.2,0.0,0.0,0.3656,2063.0,601.7,Classic,0.3656,2063.0,601.7,0.0,0.0,0.0,0.0,0.0,0.0,0.0,0.0,0.0,0.0,0.0,0.0,0.0,0.0
teg,n-butane,Classic,0.2,0.0,0.2,0.0,0.0,0.3656,2063.0,601.7,Classic,0.3656,2063.0,601.7,0.0,0.0,0.0,0.0,0.0,0.1,0.0,0.1,0.1,0.0,0.0,0.0,0.0,0.0
nacl,n-butane,Classic,0.7,0.0,0.7,0.0,0.0,0.0369,20193.0,3528.0,Classic,0.0592,10539.0,4777.0,0.0,0.0,0.0,0.0,0.0,0.0,0.0,0.0,0.0,0.0,0.0,0.0,0.0,0.0
cacl2,n-butane,Classic,1.18,0.0,1.18,0.0,0.0,0.0364,99000.0,3080.0,Classic,0.0364,99000.0,3080.0,0.0,0.0,0.0,0.0,0.0,0.0,0.0,0.0,0.0,0.0,0.0,0.0,0.0,0.0
helium,n-butane,Classic,0.0,0.0,0.0,0.0,0.0,0.0,0.0,0.0,Classic,0.0,0.0,0.0,0.0,0.0,0.0,0.0,0.0,0.0,0.0,0.0,0.0,0.0,0.0,0.0,0.0,0.0
hydrogen,n-butane,Classic,0.1446,0.0,0.1446,0.0,0.0,0.0,0.0,0.0,Classic,0.0,0.0,0.0,0.0,0.0,0.0,0.0,0.0,0.1446,0.0,0.1446,0.1446,0.1446,0.0,0.0,0.0,0.0
c-propane,n-butane,Classic,0.0,0.0,0.0,0.0,0.0,0.0,0.0,0.0,Classic,0.0,0.0,0.0,0.0,0.0,0.0,0.0,0.0,0.0,0.0,0.0,0.0,0.0,0.0,0.0,0.0,0.0
i-butane,n-butane,Classic,0.00047251,0.0,0.00047251,0.0,0.0,0.0,0.0,0.0,Classic,0.0,0.0,0.0,0.0,0.0,0.0,0.0,0.0,0.0,0.0,0.0,0.0,0.0,0.0,0.0,0.0,0.0
n-butane,n-butane,Classic,0.0,0.0,0.0,0.0,0.0,0.0,0.0,0.0,Classic,0.0,0.0,0.0,0.0,0.0,0.0,0.0,0.0,0.0,0.0,0.0,0.0,0.0,0.0,0.0,0.0,0.0
c-c4,n-butane,Classic,0.0,0.0,0.0,0.0,0.0,0.0,0.0,0.0,Classic,0.0,0.0,0.0,0.0,0.0,0.0,0.0,0.0,0.0,0.0,0.0,0.0,0.0,0.0,0.0,0.0,0.0
i-pentane,n-butane,Classic,0.00092632,0.0,0.00092632,0.0,0.0,0.0,0.0,0.0,Classic,0.0,0.0,0.0,0.0,0.0,0.0,0.0,0.0,0.00092632,0.0,0.00092632,0.00092632,0.0,0.0,0.0,0.0,0.0
n-pentane,n-butane,Classic,0.00097665,0.0,0.00097665,0.0,0.0,0.0,0.0,0.0,Classic,0.0,0.0,0.0,0.0,0.0,0.0,0.0,0.0,0.00097665,0.0,0.00097665,0.00097665,0.0,0.0,0.0,0.0,0.0
2-m-c5,n-butane,Classic,0.0,0.0,0.0,0.0,0.0,0.0,0.0,0.0,Classic,0.0,0.0,0.0,0.0,0.0,0.0,0.0,0.0,0.0,0.0,0.0,0.0,0.0,0.0,0.0,0.0,0.0
3-m-c5,n-butane,Classic,0.0,0.0,0.0,0.0,0.0,0.0,0.0,0.0,Classic,0.0,0.0,0.0,0.0,0.0,0.0,0.0,0.0,0.0,0.0,0.0,0.0,0.0,0.0,0.0,0.0,0.0
n-hexane,n-butane,Classic,0.0,0.0,0.0,0.0,0.0,0.0,0.0,0.0,Classic,0.0,0.0,0.0,0.0,0.0,0.0,0.0,0.0,0.0,0.0,0.0,0.0,0.0,0.0,0.0,0.0,0.0
benzene,n-butane,Classic,0.0,0.0,0.0,0.0,0.0,0.0,0.0,0.0,Classic,0.0,0.0,0.0,0.0,0.0,0.0,0.0,0.0,0.0,0.0,0.0,0.0,0.0,0.0,0.0,0.0,0.0
c-hexane,n-butane,Classic,0.0,0.0,0.0,0.0,0.0,0.0,0.0,0.0,Classic,0.0,0.0,0.0,0.0,0.0,0.0,0.0,0.0,0.0,0.0,0.0,0.0,0.0,0.0,0.0,0.0,0.0
223-tm-c4,n-butane,Classic,0.0,0.0,0.0,0.0,0.0,0.0,0.0,0.0,Classic,0.0,0.0,0.0,0.0,0.0,0.0,0.0,0.0,0.0,0.0,0.0,0.0,0.0,0.0,0.0,0.0,0.0
n-heptane,n-butane,Classic,0.0,0.0,0.0,0.0,0.002,0.0,0.0,0.0,Classic,0.0,0.0,0.0,0.0,0.0,0.0,0.0,0.0,0.0,0.0,0.0,0.0,0.0,0.0,0.0,0.0,0.0
toluene,n-butane,Classic,0.0,0.0,0.0,0.0,0.0,0.0,0.0,0.0,Classic,0.0,0.0,0.0,0.0,0.0,0.0,0.0,0.0,0.0,0.0,0.0,0.0,0.0,0.0,0.0,0.0,0.0
c-c7,n-butane,Classic,0.0,0.0,0.0,0.0,0.0,0.0,0.0,0.0,Classic,0.0,0.0,0.0,0.0,0.0,0.0,0.0,0.0,0.0,0.0,0.0,0.0,0.0,0.0,0.0,0.0,0.0
c-c8,n-butane,Classic,0.0,0.0,0.0,0.0,0.0,0.0,0.0,0.0,Classic,0.0,0.0,0.0,0.0,0.0,0.0,0.0,0.0,0.0,0.0,0.0,0.0,0.0,0.0,0.0,0.0,0.0
h3o+,n-butane,Classic,0.0,0.0,0.0,0.0,0.0,0.0,0.0,0.0,Classic,0.0,0.0,0.0,0.0,0.0,0.0,0.0,0.0,0.0,0.0,0.0,0.0,0.0,0.0,0.0,0.0,0.1817
mdea,n-butane,Classic,0.0,0.0,0.0,0.0,0.0,0.0,0.0,0.0,Classic,0.0,0.0,0.0,0.0,0.0,0.0,0.0,0.0,0.0,0.0,0.0,0.0,0.0,0.0,0.0,0.0,0.1221
hco3-,n-butane,Classic,0.0,0.0,0.0,0.0,0.0,0.0,0.0,0.0,Classic,0.0,0.0,0.0,0.0,0.0,0.0,0.0,0.0,0.0,0.0,0.0,0.0,0.0,0.0,0.0,0.0,0.0
oh-,n-butane,Classic,0.0,0.0,0.0,0.0,0.0,0.0,0.0,0.0,Classic,0.0,0.0,0.0,0.0,0.0,0.0,0.0,0.0,0.0,0.0,0.0,0.0,0.0,0.0,0.0,0.0,0.2045
na+,n-butane,Classic,0.0,0.0,0.0,0.0,0.0,0.0,0.0,0.0,Classic,0.0,0.0,0.0,0.0,0.0,0.0,0.0,0.0,0.0,0.0,0.0,0.0,0.0,0.0,0.0,0.0,0.0
cl-,n-butane,Classic,0.0,0.0,0.0,0.0,0.0,0.0,0.0,0.0,Classic,0.0,0.0,0.0,0.0,0.0,0.0,0.0,0.0,0.0,0.0,0.0,0.0,0.0,0.0,0.0,0.0,0.0
ca++,n-butane,Classic,0.0,0.0,0.0,0.0,0.0,0.0,0.0,0.0,Classic,0.0,0.0,0.0,0.0,0.0,0.0,0.0,0.0,0.0,0.0,0.0,0.0,0.0,0.0,0.0,0.0,0.0
li+,n-butane,Classic,0.0,0.0,0.0,0.0,0.0,0.0,0.0,0.0,Classic,0.0,0.0,0.0,0.0,0.0,0.0,0.0,0.0,0.0,0.0,0.0,0.0,0.0,0.0,0.0,0.0,0.0
br-,n-butane,Classic,0.0,0.0,0.0,0.0,0.0,0.0,0.0,0.0,Classic,0.0,0.0,0.0,0.0,0.0,0.0,0.0,0.0,0.0,0.0,0.0,0.0,0.0,0.0,0.0,0.0,0.0
nh4+,n-butane,Classic,0.0,0.0,0.0,0.0,0.0,0.0,0.0,0.0,Classic,0.0,0.0,0.0,0.0,0.0,0.0,0.0,0.0,0.0,0.0,0.0,0.0,0.0,0.0,0.0,0.0,0.0
co3--,n-butane,Classic,0.0,0.0,0.0,0.0,0.0,0.0,0.0,0.0,Classic,0.0,0.0,0.0,0.0,0.0,0.0,0.0,0.0,0.0,0.0,0.0,0.0,0.0,0.0,0.0,0.0,0.0
deacoo-,n-butane,Classic,1.0,0.0,1.0,0.0,0.0,0.0,0.0,0.0,Classic,0.0,0.0,0.0,0.0,0.0,0.0,0.0,0.0,1.0,0.0,1.0,1.0,1.0,0.0,0.0,0.0,0.5
dea,n-butane,Classic,1.0,0.0,1.0,0.0,0.0,0.0,0.0,0.0,Classic,0.0,0.0,0.0,0.0,0.0,0.0,0.0,0.0,1.0,0.0,1.0,1.0,1.0,0.0,0.0,0.0,0.5
dea+,n-butane,Classic,1.0,0.0,1.0,0.0,0.0,0.0,0.0,0.0,Classic,0.0,0.0,0.0,0.0,0.0,0.0,0.0,0.0,1.0,0.0,1.0,1.0,1.0,0.0,0.0,0.0,0.5
k+,n-butane,Classic,1.0,0.0,1.0,0.0,0.0,0.0,0.0,0.0,Classic,0.0,0.0,0.0,0.0,0.0,0.0,0.0,0.0,1.0,0.0,1.0,1.0,1.0,0.0,0.0,0.0,0.5
hs-,n-butane,Classic,1.0,0.0,1.0,0.0,0.0,0.0,0.0,0.0,Classic,0.0,0.0,0.0,0.0,0.0,0.0,0.0,0.0,1.0,0.0,1.0,1.0,1.0,0.0,0.0,0.0,0.26
s--,n-butane,Classic,1.0,0.0,1.0,0.0,0.0,0.0,0.0,0.0,Classic,0.0,0.0,0.0,0.0,0.0,0.0,0.0,0.0,1.0,0.0,1.0,1.0,1.0,0.0,0.0,0.0,0.26
i-,n-butane,Classic,1.0,0.0,1.0,0.0,0.0,0.0,0.0,0.0,Classic,0.0,0.0,0.0,0.0,0.0,0.0,0.0,0.0,1.0,0.0,1.0,1.0,1.0,0.0,0.0,0.0,0.5
mg++,n-butane,Classic,0.0,0.0,1.0,0.0,0.0,0.0,0.0,0.0,Classic,0.0,0.0,0.0,0.0,0.0,0.0,0.0,0.0,0.0,0.0,0.0,0.0,0.0,0.0,0.0,0.0,0.5
ba++,n-butane,Classic,0.0,0.0,1.0,0.0,0.0,0.0,0.0,0.0,Classic,0.0,0.0,0.0,0.0,0.0,0.0,0.0,0.0,0.0,0.0,0.0,0.0,0.0,0.0,0.0,0.0,0.5
sr++,n-butane,Classic,0.0,0.0,1.0,0.0,0.0,0.0,0.0,0.0,Classic,0.0,0.0,0.0,0.0,0.0,0.0,0.0,0.0,0.0,0.0,0.0,0.0,0.0,0.0,0.0,0.0,0.5
deg,ethanol,Classic,0.0882,0.0,0.0882,0.0,0.0,0.0,0.0,0.0,Classic,0.0,0.0,0.0,0.0,0.0,0.0,0.0,0.0,0.0,0.0,0.0,0.0,0.0,0.0,0.0,0.0,0.5
nacl,ethanol,Classic,0.1221,0.0,0.1221,0.0,0.0,0.0,0.0,0.0,Classic,0.0,0.0,0.0,0.0,0.0,0.0,0.0,0.0,0.0,0.0,0.0,0.0,0.0,0.0,0.0,0.0,0.5
cacl2,ethanol,Classic,0.2045,0.0,0.2045,0.0,0.0,0.0,0.0,0.0,Classic,0.0,0.0,0.0,0.0,0.0,0.0,0.0,0.0,0.0,0.0,0.0,0.0,0.0,0.0,0.0,0.0,0.5
helium,ethanol,Classic,0.5,0.0,0.5,0.0,0.0,0.0,0.0,0.0,Classic,0.0,0.0,0.0,0.0,0.0,0.0,0.0,0.0,0.0,0.0,0.0,0.0,0.0,0.0,0.0,0.0,0.5
hydrogen,ethanol,Classic,0.5,0.0,0.5,0.0,0.0,0.0,0.0,0.0,Classic,0.0,0.0,0.0,0.0,0.0,0.0,0.0,0.0,0.0,0.0,0.0,0.0,0.0,0.0,0.0,0.0,0.5
h2s,ethanol,HV,0.5,0.0,0.5,0.0,0.0,0.395,45.0,965.0,WS,0.395,45.0,965.0,0.0,0.0,0.0,0.0,0.0,0.0,0.0,0.0,0.0,0.0,0.0,0.0,0.0,0.0
c-propane,ethanol,Classic,0.5,0.0,0.5,0.0,0.0,0.0,0.0,0.0,Classic,0.0,0.0,0.0,0.0,0.0,0.0,0.0,0.0,0.0,0.0,0.0,0.0,0.0,0.0,0.0,0.0,0.0
i-butane,ethanol,HV,0.25,0.0,0.25,0.0,0.0,0.395,1603.0,1135.0,WS,0.395,1603.0,1135.0,0.0,0.0,0.0,0.0,0.0,0.018,0.0,0.018,0.018,0.0,0.0,0.0,0.0,0.0
c-c4,ethanol,Classic,0.5,0.0,0.5,0.0,0.0,0.0,0.0,0.0,Classic,0.0,0.0,0.0,0.0,0.0,0.0,0.0,0.0,0.0,0.0,0.0,0.0,0.0,0.0,0.0,0.0,0.0
i-pentane,ethanol,HV,0.26,0.0,0.26,0.0,0.0,0.395,744.0,1071.0,WS,0.395,744.0,1071.0,0.0,0.0,0.0,0.0,0.0,0.0,0.0,0.0,0.0,0.0,0.0,0.0,0.0,0.0
2-m-c5,ethanol,Classic,0.5,0.0,0.5,0.0,0.0,0.0,0.0,0.0,Classic,0.0,0.0,0.0,0.0,0.0,0.0,0.0,0.0,0.0,0.0,0.0,0.0,0.0,0.0,0.0,0.0,0.0
3-m-c5,ethanol,Classic,0.5,0.0,0.5,0.0,0.0,0.0,0.0,0.0,Classic,0.0,0.0,0.0,0.0,0.0,0.0,0.0,0.0,0.0,0.0,0.0,0.0,0.0,0.0,0.0,0.0,0.0
n-hexane,ethanol,HV,0.28,0.0,0.28,0.0,0.0,0.395,758.0,1276.0,WS,0.395,758.0,1276.0,0.0,0.0,0.0,0.0,0.0,0.01,0.0,0.01,0.01,0.01,0.0,0.0,0.0,0.0
benzene,ethanol,Classic,0.5,0.0,0.5,0.0,0.0,0.0,0.0,0.0,Classic,0.0,0.0,0.0,0.0,0.0,0.0,0.0,0.0,0.022,0.0,0.022,0.022,0.022,0.0,0.002,0.0,0.0
c-hexane,ethanol,Classic,0.5,0.0,0.5,0.0,0.0,0.0,0.0,0.0,Classic,0.0,0.0,0.0,0.0,0.0,0.0,0.0,0.0,0.033,0.0,0.033,0.033,0.033,0.0,0.0,0.0,0.0
223-tm-c4,ethanol,Classic,0.5,0.0,0.5,0.0,0.0,0.0,0.0,0.0,Classic,0.0,0.0,0.0,0.0,0.0,0.0,0.0,0.0,0.0,0.0,0.0,0.0,0.0,0.0,0.0,0.0,0.0
toluene,ethanol,Classic,0.5,0.0,0.5,0.0,0.0,0.0,0.0,0.0,Classic,0.0,0.0,0.0,0.0,0.0,0.0,0.0,0.0,0.02,0.0,0.02,0.02,0.02,0.0,0.003,0.0,0.0
c-c7,ethanol,Classic,0.5,0.0,0.5,0.0,0.0,0.0,0.0,0.0,Classic,0.0,0.0,0.0,0.0,0.0,0.0,0.0,0.0,0.0,0.0,0.0,0.0,0.0,0.0,0.0,0.0,0.0
c-c8,ethanol,Classic,0.31,0.0,0.31,0.0,0.0,0.395,758.0,1276.0,Classic,0.395,758.0,1276.0,0.0,0.0,0.0,0.0,0.0,0.0,0.0,0.0,0.0,0.0,0.0,0.0,0.0,0.0
h3o+,ethanol,Classic,0.0,0.0,0.0,0.0,0.0,0.0,0.0,0.0,Classic,0.0,0.0,0.0,0.0,0.0,0.0,0.0,0.0,0.0,0.0,0.0,0.0,0.0,0.0,0.0,0.0,0.2
mdea,ethanol,Classic,0.0,0.0,0.0,0.0,0.0,0.0,0.0,0.0,Classic,0.0,0.0,0.0,0.0,0.0,0.0,0.0,0.0,0.0,0.0,0.0,0.0,0.0,0.0,0.0,0.0,0.7
hco3-,ethanol,Classic,0.0,0.0,0.0,0.0,0.0,0.0,0.0,0.0,Classic,0.0,0.0,0.0,0.0,0.0,0.0,0.0,0.0,0.0,0.0,0.0,0.0,0.0,0.0,0.0,0.0,1.35
oh-,ethanol,Classic,0.0,0.0,0.0,0.0,0.0,0.0,0.0,0.0,Classic,0.0,0.0,0.0,0.0,0.0,0.0,0.0,0.0,0.0,0.0,0.0,0.0,0.0,0.0,0.0,0.0,1.18
na+,ethanol,Classic,1.0,0.0,1.0,0.0,0.0,0.0,0.0,0.0,Classic,0.0,0.0,0.0,0.0,0.0,0.0,0.0,0.0,1.0,0.0,1.0,1.0,1.0,0.0,0.0,0.0,0.5
cl-,ethanol,Classic,1.0,0.0,1.0,0.0,0.0,0.0,0.0,0.0,Classic,0.0,0.0,0.0,0.0,0.0,0.0,0.0,0.0,1.0,0.0,1.0,1.0,1.0,0.0,0.0,0.0,0.5
ca++,ethanol,Classic,1.0,0.0,1.0,0.0,0.0,0.0,0.0,0.0,Classic,0.0,0.0,0.0,0.0,0.0,0.0,0.0,0.0,1.0,0.0,1.0,1.0,1.0,0.0,0.0,0.0,0.5
li+,ethanol,Classic,1.0,0.0,1.0,0.0,0.0,0.0,0.0,0.0,Classic,0.0,0.0,0.0,0.0,0.0,0.0,0.0,0.0,1.0,0.0,1.0,1.0,1.0,0.0,0.0,0.0,0.0
br-,ethanol,Classic,1.0,0.0,1.0,0.0,0.0,0.0,0.0,0.0,Classic,0.0,0.0,0.0,0.0,0.0,0.0,0.0,0.0,1.0,0.0,1.0,1.0,1.0,0.0,0.0,0.0,0.2166
nh4+,ethanol,Classic,1.0,0.0,1.0,0.0,0.0,0.0,0.0,0.0,Classic,0.0,0.0,0.0,0.0,0.0,0.0,0.0,0.0,1.0,0.0,1.0,1.0,1.0,0.0,0.0,0.0,0.0
co3--,ethanol,Classic,1.0,0.0,1.0,0.0,0.0,0.0,0.0,0.0,Classic,0.0,0.0,0.0,0.0,0.0,0.0,0.0,0.0,1.0,0.0,1.0,1.0,1.0,0.0,0.0,0.0,0.0
deacoo-,ethanol,Classic,1.0,0.0,1.0,0.0,0.0,0.0,0.0,0.0,Classic,0.0,0.0,0.0,0.0,0.0,0.0,0.0,0.0,1.0,0.0,1.0,1.0,1.0,0.0,0.0,0.0,0.06
dea,ethanol,Classic,1.0,0.0,1.0,0.0,0.0,0.0,0.0,0.0,Classic,0.0,0.0,0.0,0.0,0.0,0.0,0.0,0.0,1.0,0.0,1.0,1.0,1.0,0.0,0.0,0.0,0.0
dea+,ethanol,Classic,1.0,0.0,1.0,0.0,0.0,0.0,0.0,0.0,Classic,0.0,0.0,0.0,0.0,0.0,0.0,0.0,0.0,1.0,0.0,1.0,1.0,1.0,0.0,0.0,0.0,0.00081462
k+,ethanol,Classic,1.0,0.0,1.0,0.0,0.0,0.0,0.0,0.0,Classic,0.0,0.0,0.0,0.0,0.0,0.0,0.0,0.0,1.0,0.0,1.0,1.0,1.0,0.0,0.0,0.0,0.0
hs-,ethanol,Classic,1.0,0.0,1.0,0.0,0.0,0.0,0.0,0.0,Classic,0.0,0.0,0.0,0.0,0.0,0.0,0.0,0.0,1.0,0.0,1.0,1.0,1.0,0.0,0.0,0.0,0.0
s--,ethanol,Classic,1.0,0.0,1.0,0.0,0.0,0.0,0.0,0.0,Classic,0.0,0.0,0.0,0.0,0.0,0.0,0.0,0.0,1.0,0.0,1.0,1.0,1.0,0.0,0.0,0.0,0.0
i-,ethanol,Classic,1.0,0.0,1.0,0.0,0.0,0.0,0.0,0.0,Classic,0.0,0.0,0.0,0.0,0.0,0.0,0.0,0.0,1.0,0.0,1.0,1.0,1.0,0.0,0.0,0.0,0.0
mg++,ethanol,Classic,0.0,0.0,1.0,0.0,0.0,0.0,0.0,0.0,Classic,0.0,0.0,0.0,0.0,0.0,0.0,0.0,0.0,0.0,0.0,0.0,0.0,0.0,0.0,0.0,0.0,0.0
ba++,ethanol,Classic,0.0,0.0,1.0,0.0,0.0,0.0,0.0,0.0,Classic,0.0,0.0,0.0,0.0,0.0,0.0,0.0,0.0,0.0,0.0,0.0,0.0,0.0,0.0,0.0,0.0,0.0
sr++,ethanol,Classic,0.0,0.0,1.0,0.0,0.0,0.0,0.0,0.0,Classic,0.0,0.0,0.0,0.0,0.0,0.0,0.0,0.0,0.0,0.0,0.0,0.0,0.0,0.0,0.0,0.0,0.0
ethanol,n-pentane,HV,0.26,0.0,0.26,0.0,0.0,0.395,1186.0,1230.0,WS,0.26,0.395,1186.0,0.0,0.0,0.0,0.0,0.0,-0.008,0.0,-0.008,-0.008,0.0,0.0,0.0,0.0,0.0
deg,n-pentane,Classic,0.2,0.0,0.2,0.0,0.0,0.3656,2063.0,601.7,Classic,0.2,0.3656,2063.0,0.0,0.0,0.0,0.0,0.0,0.0,0.0,0.0,0.0,0.0,0.0,0.0,0.0,0.0
teg,n-pentane,Classic,0.2,0.0,0.2,0.0,0.0,0.3656,2063.0,601.7,Classic,0.2,0.3656,2063.0,0.0,0.0,0.0,0.0,0.0,0.0,0.0,0.0,0.0,0.0,0.0,0.0,0.0,0.0
nacl,n-pentane,Classic,0.7,0.0,0.7,0.0,0.0,0.0369,20193.0,3528.0,Classic,0.7,0.0369,20193.0,0.0,0.0,0.0,0.0,0.0,0.0,0.0,0.0,0.0,0.0,0.0,0.0,0.0,0.0
cacl2,n-pentane,Classic,1.18,0.0,1.18,0.0,0.0,0.0364,99000.0,3080.0,Classic,1.18,0.0364,99000.0,0.0,0.0,0.0,0.0,0.0,0.0,0.0,0.0,0.0,0.0,0.0,0.0,0.0,0.0
helium,n-pentane,Classic,0.0,0.0,0.0,0.0,0.0,0.0,0.0,0.0,Classic,0.0,0.0,0.0,0.0,0.0,0.0,0.0,0.0,0.0,0.0,0.0,0.0,0.0,0.0,0.0,0.0,0.0
benzene,n-pentane,Classic,0.0,0.0,0.0,0.0,0.0,0.0,0.0,0.0,Classic,0.0,0.0,0.0,0.0,0.0,0.0,0.0,0.0,0.0,0.0,0.0,0.0,0.0,0.0,0.0,0.0,0.0
c-hexane,n-pentane,Classic,0.0,0.0,0.0,0.0,0.0,0.0,0.0,0.0,Classic,0.0,0.0,0.0,0.0,0.0,0.0,0.0,0.0,0.0,0.0,0.0,0.0,0.0,0.0,0.0,0.0,0.0
223-tm-c4,n-pentane,Classic,0.0,0.0,0.0,0.0,0.0,0.0,0.0,0.0,Classic,0.0,0.0,0.0,0.0,0.0,0.0,0.0,0.0,0.0,0.0,0.0,0.0,0.0,0.0,0.0,0.0,0.0
n-heptane,n-pentane,Classic,0.0,0.0,0.0,0.0,0.0,0.0,0.0,0.0,Classic,0.0,0.0,0.0,0.0,0.0,0.0,0.0,0.0,0.0,0.0,0.0,0.0,0.0,0.0,0.0,0.0,0.0
toluene,n-pentane,Classic,0.0,0.0,0.0,0.0,0.0,0.0,0.0,0.0,Classic,0.0,0.0,0.0,0.0,0.0,0.0,0.0,0.0,0.0,0.0,0.0,0.0,0.0,0.0,0.0,0.0,0.0
c-c7,n-pentane,Classic,0.0,0.0,0.0,0.0,0.0,0.0,0.0,0.0,Classic,0.0,0.0,0.0,0.0,0.0,0.0,0.0,0.0,0.0,0.0,0.0,0.0,0.0,0.0,0.0,0.0,0.0
c-c8,n-pentane,Classic,0.0,0.0,0.0,0.0,0.0,0.0,0.0,0.0,Classic,0.0,0.0,0.0,0.0,0.0,0.0,0.0,0.0,0.0,0.0,0.0,0.0,0.0,0.0,0.0,0.0,0.0
h3o+,n-pentane,Classic,0.0,0.0,0.0,0.0,0.0,0.0,0.0,0.0,Classic,0.0,0.0,0.0,0.0,0.0,0.0,0.0,0.0,0.0,0.0,0.0,0.0,0.0,0.0,0.0,0.0,0.0
hco3-,n-pentane,Classic,0.0,0.0,0.0,0.0,0.0,0.0,0.0,0.0,Classic,0.0,0.0,0.0,0.0,0.0,0.0,0.0,0.0,0.0,0.0,0.0,0.0,0.0,0.0,0.0,0.0,0.0
oh-,n-pentane,Classic,0.0,0.0,0.0,0.0,0.0,0.0,0.0,0.0,Classic,0.0,0.0,0.0,0.0,0.0,0.0,0.0,0.0,0.0,0.0,0.0,0.0,0.0,0.0,0.0,0.0,0.0
na+,n-pentane,Classic,1.0,0.0,1.0,0.0,0.0,0.0,0.0,0.0,Classic,0.0,0.0,0.0,0.0,0.0,0.0,0.0,0.0,1.0,0.0,1.0,1.0,1.0,0.0,0.0,0.0,0.0
cl-,n-pentane,Classic,1.0,0.0,1.0,0.0,0.0,0.0,0.0,0.0,Classic,0.0,0.0,0.0,0.0,0.0,0.0,0.0,0.0,1.0,0.0,1.0,1.0,1.0,0.0,0.0,0.0,0.0
ca++,n-pentane,Classic,1.0,0.0,1.0,0.0,0.0,0.0,0.0,0.0,Classic,0.0,0.0,0.0,0.0,0.0,0.0,0.0,0.0,1.0,0.0,1.0,1.0,1.0,0.0,0.0,0.0,0.0
li+,n-pentane,Classic,1.0,0.0,1.0,0.0,0.0,0.0,0.0,0.0,Classic,0.0,0.0,0.0,0.0,0.0,0.0,0.0,0.0,1.0,0.0,1.0,1.0,1.0,0.0,0.0,0.0,0.0
br-,n-pentane,Classic,1.0,0.0,1.0,0.0,0.0,0.0,0.0,0.0,Classic,0.0,0.0,0.0,0.0,0.0,0.0,0.0,0.0,1.0,0.0,1.0,1.0,1.0,0.0,0.0,0.0,0.26
nh4+,n-pentane,Classic,1.0,0.0,1.0,0.0,0.0,0.0,0.0,0.0,Classic,0.0,0.0,0.0,0.0,0.0,0.0,0.0,0.0,1.0,0.0,1.0,1.0,1.0,0.0,0.0,0.0,0.26
co3--,n-pentane,Classic,1.0,0.0,1.0,0.0,0.0,0.0,0.0,0.0,Classic,0.0,0.0,0.0,0.0,0.0,0.0,0.0,0.0,1.0,0.0,1.0,1.0,1.0,0.0,0.0,0.0,0.08
deacoo-,n-pentane,Classic,1.0,0.0,1.0,0.0,0.0,0.0,0.0,0.0,Classic,0.0,0.0,0.0,0.0,0.0,0.0,0.0,0.0,1.0,0.0,1.0,1.0,1.0,0.0,0.0,0.0,0.2
dea,n-pentane,Classic,1.0,0.0,1.0,0.0,0.0,0.0,0.0,0.0,Classic,0.0,0.0,0.0,0.0,0.0,0.0,0.0,0.0,1.0,0.0,1.0,1.0,1.0,0.0,0.0,0.0,0.2
dea+,n-pentane,Classic,1.0,0.0,1.0,0.0,0.0,0.0,0.0,0.0,Classic,0.0,0.0,0.0,0.0,0.0,0.0,0.0,0.0,1.0,0.0,1.0,1.0,1.0,0.0,0.0,0.0,0.7
methanol,n-heptane,HV,0.26,0.0,0.26,0.0,0.0,0.395,1186.0,1230.0,WS,0.26,0.395,1186.0,0.0,0.0,0.0,0.0,0.0,-0.002,0.0,-0.002,-0.002,-0.002,0.0,0.0,0.0,0.5
ethanol,n-heptane,HV,0.26,0.0,0.26,0.0,0.0,0.395,1186.0,1230.0,WS,0.26,0.395,1186.0,0.0,0.0,0.0,0.0,0.0,0.008,0.0,0.008,0.008,0.008,0.0,0.0,0.0,0.5
meg,n-heptane,Classic,0.2,0.0,0.08,0.0,0.0,0.39867,4938.4,-1924.0,WS,0.39867,4938.0,1924.3,0.0,0.76,-7.79,-7.9586,0.76,0.047,0.0,0.047,0.047,0.047,0.0,0.0,0.0,0.0
deg,n-heptane,Classic,0.2,0.0,0.2,0.0,0.0,0.3656,2063.0,601.7,Classic,0.2,0.3656,2063.0,0.0,0.0,0.0,0.0,0.0,0.065,0.0,0.065,0.065,0.065,0.0,0.0,0.0,0.2166
teg,n-heptane,Classic,0.2,0.0,0.2,0.0,0.0,0.3656,2063.0,601.7,Classic,0.2,0.3656,2063.0,0.0,0.0,0.0,0.0,0.0,0.11,0.0,0.11,0.11,0.094,0.0,0.0,0.0,0.1441
nacl,n-heptane,Classic,0.7,0.0,0.7,0.0,0.0,0.0369,20193.0,3528.0,Classic,0.7,0.0369,20193.0,0.0,0.0,0.0,0.0,0.0,0.0,0.0,0.0,0.0,0.0,0.0,0.0,0.0,0.0
cacl2,n-heptane,Classic,1.18,0.0,1.18,0.0,0.0,0.0364,99000.0,3080.0,Classic,1.18,0.0364,99000.0,0.0,0.0,0.0,0.0,0.0,0.0,0.0,0.0,0.0,0.0,0.0,0.0,0.0,0.145
helium,n-heptane,Classic,0.0,0.0,0.0,0.0,0.0,0.0,0.0,0.0,Classic,0.0,0.0,0.0,0.0,0.0,0.0,0.0,0.0,0.0,0.0,0.0,0.0,0.0,0.0,0.0,0.0,0.0
hydrogen,n-heptane,Classic,0.2166,0.0,0.2166,0.0,0.0,0.0,0.0,0.0,Classic,0.2166,0.0,0.0,0.0,0.0,0.0,0.0,0.0,0.0,0.0,0.0,0.0,0.0,0.0,0.0,0.0,0.0
h2s,n-heptane,Classic,0.0737,0.0,0.0737,0.0,0.0,0.0,0.0,0.0,Classic,0.06,0.0,0.0,0.0,0.0,0.0,0.0,0.0,0.0,0.0,0.0,0.0,0.0,0.0,0.0,0.0,0.0
c-propane,n-heptane,Classic,0.0,0.0,0.0,0.0,0.0,0.0,0.0,0.0,Classic,0.0,0.0,0.0,0.0,0.0,0.0,0.0,0.0,0.0,0.0,0.0,0.0,0.0,0.0,0.0,0.0,0.0
i-butane,n-heptane,Classic,0.0,0.0,0.0,0.0,0.0,0.0,0.0,0.0,Classic,0.0,0.0,0.0,0.0,0.0,0.0,0.0,0.0,0.0,0.0,0.0,0.0,0.0,0.0,0.0,0.0,0.0
c-c4,n-heptane,Classic,0.0,0.0,0.0,0.0,0.0,0.0,0.0,0.0,Classic,0.0,0.0,0.0,0.0,0.0,0.0,0.0,0.0,0.0,0.0,0.0,0.0,0.0,0.0,0.0,0.0,0.0
i-pentane,n-heptane,Classic,0.0,0.0,0.0,0.0,0.0,0.0,0.0,0.0,Classic,0.0,0.0,0.0,0.0,0.0,0.0,0.0,0.0,0.0,0.0,0.0,0.0,0.0,0.0,0.0,0.0,0.0
2-m-c5,n-heptane,Classic,0.0,0.0,0.0,0.0,0.0,0.0,0.0,0.0,Classic,0.0,0.0,0.0,0.0,0.0,0.0,0.0,0.0,0.0,0.0,0.0,0.0,0.0,0.0,0.0,0.0,0.0
3-m-c5,n-heptane,Classic,0.0,0.0,0.0,0.0,0.0,0.0,0.0,0.0,Classic,0.0,0.0,0.0,0.0,0.0,0.0,0.0,0.0,0.0,0.0,0.0,0.0,0.0,0.0,0.0,0.0,0.0
n-hexane,n-heptane,Classic,0.0,0.0,0.0,0.0,0.0,0.0,0.0,0.0,Classic,0.0,0.0,0.0,0.0,0.0,0.0,0.0,0.0,0.0,0.0,0.0,0.0,0.0,0.0,0.0,0.0,0.0
benzene,n-heptane,Classic,0.0,0.0,0.0,0.0,0.0,0.0,0.0,0.0,Classic,0.0,0.0,0.0,0.0,0.0,0.0,0.0,0.0,0.0,0.0,0.0,0.0,0.0,0.0,0.0,0.0,0.0
c-hexane,n-heptane,Classic,0.0,0.0,0.0,0.0,0.0,0.0,0.0,0.0,Classic,0.0,0.0,0.0,0.0,0.0,0.0,0.0,0.0,0.0,0.0,0.0,0.0,0.0,0.0,0.0,0.0,0.0
223-tm-c4,n-heptane,Classic,0.0,0.0,0.0,0.0,0.0,0.0,0.0,0.0,Classic,0.0,0.0,0.0,0.0,0.0,0.0,0.0,0.0,0.0,0.0,0.0,0.0,0.0,0.0,0.0,0.0,0.0
toluene,n-heptane,Classic,0.0,0.0,0.0,0.0,0.0,0.0,0.0,0.0,Classic,0.0,0.0,0.0,0.0,0.0,0.0,0.0,0.0,0.0,0.0,0.0,0.0,0.0,0.0,0.0,0.0,0.0
c-c7,n-heptane,Classic,0.0,0.0,0.0,0.0,0.0,0.0,0.0,0.0,Classic,0.0,0.0,0.0,0.0,0.0,0.0,0.0,0.0,0.0,0.0,0.0,0.0,0.0,0.0,0.0,0.0,0.0
c-c8,n-heptane,Classic,0.0,0.0,0.0,0.0,0.0,0.0,0.0,0.0,Classic,0.0,0.0,0.0,0.0,0.0,0.0,0.0,0.0,0.0,0.0,0.0,0.0,0.0,0.0,0.0,0.0,0.0
h3o+,n-heptane,Classic,0.0,0.0,0.0,0.0,0.0,0.0,0.0,0.0,Classic,0.0,0.0,0.0,0.0,0.0,0.0,0.0,0.0,0.0,0.0,0.0,0.0,0.0,0.0,0.0,0.0,0.0
hco3-,n-heptane,Classic,0.0,0.0,0.0,0.0,0.0,0.0,0.0,0.0,Classic,0.0,0.0,0.0,0.0,0.0,0.0,0.0,0.0,0.0,0.0,0.0,0.0,0.0,0.0,0.0,0.0,0.0
oh-,n-heptane,Classic,0.0,0.0,0.0,0.0,0.0,0.0,0.0,0.0,Classic,0.0,0.0,0.0,0.0,0.0,0.0,0.0,0.0,0.0,0.0,0.0,0.0,0.0,0.0,0.0,0.0,0.0
na+,n-heptane,Classic,1.0,0.0,1.0,0.0,0.0,0.0,0.0,0.0,Classic,0.0,0.0,0.0,0.0,0.0,0.0,0.0,0.0,1.0,0.0,1.0,1.0,1.0,0.0,0.0,0.0,0.0
cl-,n-heptane,Classic,1.0,0.0,1.0,0.0,0.0,0.0,0.0,0.0,Classic,0.0,0.0,0.0,0.0,0.0,0.0,0.0,0.0,1.0,0.0,1.0,1.0,1.0,0.0,0.0,0.0,0.0
ca++,n-heptane,Classic,1.0,0.0,1.0,0.0,0.0,0.0,0.0,0.0,Classic,0.0,0.0,0.0,0.0,0.0,0.0,0.0,0.0,1.0,0.0,1.0,1.0,1.0,0.0,0.0,0.0,0.0
li+,n-heptane,Classic,1.0,0.0,1.0,0.0,0.0,0.0,0.0,0.0,Classic,0.0,0.0,0.0,0.0,0.0,0.0,0.0,0.0,1.0,0.0,1.0,1.0,1.0,0.0,0.0,0.0,0.0
br-,n-heptane,Classic,1.0,0.0,1.0,0.0,0.0,0.0,0.0,0.0,Classic,0.0,0.0,0.0,0.0,0.0,0.0,0.0,0.0,1.0,0.0,1.0,1.0,1.0,0.0,0.0,0.0,0.1
nh4+,n-heptane,Classic,1.0,0.0,1.0,0.0,0.0,0.0,0.0,0.0,Classic,0.0,0.0,0.0,0.0,0.0,0.0,0.0,0.0,1.0,0.0,1.0,1.0,1.0,0.0,0.0,0.0,-0.08
co3--,n-heptane,Classic,1.0,0.0,1.0,0.0,0.0,0.0,0.0,0.0,Classic,0.0,0.0,0.0,0.0,0.0,0.0,0.0,0.0,1.0,0.0,1.0,1.0,1.0,0.0,0.0,0.0,-0.08
deacoo-,n-heptane,Classic,1.0,0.0,1.0,0.0,0.0,0.0,0.0,0.0,Classic,0.0,0.0,0.0,0.0,0.0,0.0,0.0,0.0,1.0,0.0,1.0,1.0,1.0,0.0,0.0,0.0,-0.08
dea,n-heptane,Classic,1.0,0.0,1.0,0.0,0.0,0.0,0.0,0.0,Classic,0.0,0.0,0.0,0.0,0.0,0.0,0.0,0.0,1.0,0.0,1.0,1.0,1.0,0.0,0.0,0.0,-0.08
dea+,n-heptane,Classic,1.0,0.0,1.0,0.0,0.0,0.0,0.0,0.0,Classic,0.0,0.0,0.0,0.0,0.0,0.0,0.0,0.0,1.0,0.0,1.0,1.0,1.0,0.0,0.0,0.0,-0.08
s8,methane,Classic,0.1,0.0,0.1,0.0,0.0,0.15,-123.6011438,4875.094236,Classic,0.0,26.6,-142.2,0.0,2.137853939,-6.549655038,0.0,0.0,0.1,0.0,0.1,0.1,0.1,0.0,0.0,0.0,0.0
s8,n-hexane,Classic,0.05,0.0,-0.08,0.0,0.0,0.15,-123.6011438,4875.094236,Classic,0.0,26.6,-142.2,0.0,2.137853939,-6.549655038,0.0,0.0,0.05,0.0,0.05,0.05,0.05,0.0,0.0,0.0,0.0
s8,n-pentane,Classic,0.05,0.0,-0.08,0.0,0.0,0.15,-123.6011438,4875.094236,Classic,0.0,26.6,-142.2,0.0,2.137853939,-6.549655038,0.0,0.0,0.05,0.0,0.05,0.05,0.05,0.0,0.0,0.0,0.0
s8,i-pentane,Classic,0.05,0.0,-0.08,0.0,0.0,0.15,-123.6011438,4875.094236,Classic,0.0,26.6,-142.2,0.0,2.137853939,-6.549655038,0.0,0.0,0.05,0.0,0.05,0.05,0.05,0.0,0.0,0.0,0.0
s8,n-heptane,Classic,0.05,0.0,-0.08,0.0,0.0,0.15,-123.6011438,4875.094236,Classic,0.0,26.6,-142.2,0.0,2.137853939,-6.549655038,0.0,0.0,0.05,0.0,0.05,0.05,0.05,0.0,0.0,0.0,0.0
s8,n-octane,Classic,0.05,0.0,-0.08,0.0,0.0,0.15,-123.6011438,4875.094236,Classic,0.0,26.6,-142.2,0.0,2.137853939,-6.549655038,0.0,0.0,0.05,0.0,0.05,0.05,0.05,0.0,0.0,0.0,0.0
s8,i-butane,Classic,0.05,0.0,-0.08,0.0,0.0,0.15,-123.6011438,4875.094236,Classic,0.0,26.6,-142.2,0.0,2.137853939,-6.549655038,0.0,0.0,0.05,0.0,0.05,0.05,0.05,0.0,0.0,0.0,0.0
s8,n-butane,Classic,0.05,0.0,-0.08,0.0,0.0,0.15,-123.6011438,4875.094236,Classic,0.0,26.6,-142.2,0.0,2.137853939,-6.549655038,0.0,0.0,0.05,0.0,0.05,0.05,0.05,0.0,0.0,0.0,0.0
c-hexane,neon,Classic,0.0,0.0,0.0,0.0,0.0,0.0,0.0,0.0,Classic,0.0,0.0,0.0,0.0,0.0,0.0,0.0,0.0,0.0,0.0,0.0,0.0,0.0,0.0,0.0,0.0,0.0
c-c7,neon,Classic,0.0,0.0,0.0,0.0,0.0,0.0,0.0,0.0,Classic,0.0,0.0,0.0,0.0,0.0,0.0,0.0,0.0,0.0,0.0,0.0,0.0,0.0,0.0,0.0,0.0,0.0
hco3-,neon,Classic,0.0,0.0,0.0,0.0,0.0,0.0,0.0,0.0,Classic,0.0,0.0,0.0,0.0,0.0,0.0,0.0,0.0,0.0,0.0,0.0,0.0,0.0,0.0,0.0,0.0,0.0
mdea,neon,Classic,0.0,0.0,0.0,0.0,0.0,0.0,0.0,0.0,Classic,0.0,0.0,0.0,0.0,0.0,0.0,0.0,0.0,0.0,0.0,0.0,0.0,0.0,0.0,0.0,0.0,0.0
h3o+,neon,Classic,0.0,0.0,0.0,0.0,0.0,0.0,0.0,0.0,Classic,0.0,0.0,0.0,0.0,0.0,0.0,0.0,0.0,0.0,0.0,0.0,0.0,0.0,0.0,0.0,0.0,0.0
mdea+,neon,Classic,0.0,0.0,0.0,0.0,0.0,0.0,0.0,0.0,Classic,0.0,0.0,0.0,0.0,0.0,0.0,0.0,0.0,0.0,0.0,0.0,0.0,0.0,0.0,0.0,0.0,0.0
na+,neon,Classic,1.0,0.0,0.0,0.0,0.0,0.0,0.0,0.0,Classic,0.0,0.0,0.0,0.0,0.0,0.0,0.0,0.0,1.0,0.0,1.0,1.0,1.0,0.0,0.0,0.0,0.0
cl-,neon,Classic,1.0,0.0,0.0,0.0,0.0,0.0,0.0,0.0,Classic,0.0,0.0,0.0,0.0,0.0,0.0,0.0,0.0,1.0,0.0,1.0,1.0,1.0,0.0,0.0,0.0,0.0
toluene,neon,Classic,0.0,0.0,0.0,0.0,0.0,0.0,0.0,0.0,Classic,0.0,0.0,0.0,0.0,0.0,0.0,0.0,0.0,0.0,0.0,0.0,0.0,0.0,0.0,0.0,0.0,0.0
n-heptane,neon,Classic,0.0,0.0,0.0,0.0,0.0,0.0,0.0,0.0,Classic,0.0,0.0,0.0,0.0,0.0,0.0,0.0,0.0,0.08,0.0,0.08,0.08,0.08,0.0,0.0,0.0,0.0
223-tm-c4,neon,Classic,0.0,0.0,0.0,0.0,0.0,0.0,0.0,0.0,Classic,0.0,0.0,0.0,0.0,0.0,0.0,0.0,0.0,0.0,0.0,0.0,0.0,0.0,0.0,0.0,0.0,0.0
benzene,neon,Classic,0.0,0.0,0.0,0.0,0.0,0.0,0.0,0.0,Classic,0.0,0.0,0.0,0.0,0.0,0.0,0.0,0.0,0.0,0.0,0.0,0.0,0.0,0.0,0.0,0.0,0.0
c-c8,neon,Classic,0.0,0.0,0.0,0.0,0.0,0.0,0.0,0.0,Classic,0.0,0.0,0.0,0.0,0.0,0.0,0.0,0.0,0.08,0.0,0.08,0.08,0.08,0.0,0.0,0.0,0.0
dea+,neon,Classic,1.0,0.0,0.0,0.0,0.0,0.0,0.0,0.0,Classic,0.0,0.0,0.0,0.0,0.0,0.0,0.0,0.0,1.0,0.0,1.0,1.0,1.0,0.0,0.0,0.0,0.0
sr++,neon,Classic,0.0,0.0,0.0,0.0,0.0,0.0,0.0,0.0,Classic,0.0,0.0,0.0,0.0,0.0,0.0,0.0,0.0,0.0,0.0,0.0,0.0,0.0,0.0,0.0,0.0,0.0
ba++,neon,Classic,0.0,0.0,0.0,0.0,0.0,0.0,0.0,0.0,Classic,0.0,0.0,0.0,0.0,0.0,0.0,0.0,0.0,0.0,0.0,0.0,0.0,0.0,0.0,0.0,0.0,0.0
i-,neon,Classic,1.0,0.0,0.0,0.0,0.0,0.0,0.0,0.0,Classic,0.0,0.0,0.0,0.0,0.0,0.0,0.0,0.0,1.0,0.0,1.0,1.0,1.0,0.0,0.0,0.0,0.0
hs-,neon,Classic,1.0,0.0,0.0,0.0,0.0,0.0,0.0,0.0,Classic,0.0,0.0,0.0,0.0,0.0,0.0,0.0,0.0,1.0,0.0,1.0,1.0,1.0,0.0,0.0,0.0,0.0
k+,neon,Classic,1.0,0.0,0.0,0.0,0.0,0.0,0.0,0.0,Classic,0.0,0.0,0.0,0.0,0.0,0.0,0.0,0.0,1.0,0.0,1.0,1.0,1.0,0.0,0.0,0.0,0.0
oh-,neon,Classic,0.0,0.0,0.0,0.0,0.0,0.0,0.0,0.0,Classic,0.0,0.0,0.0,0.0,0.0,0.0,0.0,0.0,0.0,0.0,0.0,0.0,0.0,0.0,0.0,0.0,0.0
s--,neon,Classic,1.0,0.0,0.0,0.0,0.0,0.0,0.0,0.0,Classic,0.0,0.0,0.0,0.0,0.0,0.0,0.0,0.0,1.0,0.0,1.0,1.0,1.0,0.0,0.0,0.0,0.0
dea,neon,Classic,1.0,0.0,0.0,0.0,0.0,0.0,0.0,0.0,Classic,0.0,0.0,0.0,0.0,0.0,0.0,0.0,0.0,1.0,0.0,1.0,1.0,1.0,0.0,0.0,0.0,0.0
deacoo-,neon,Classic,1.0,0.0,1.0,0.0,0.0,0.0,0.0,0.0,Classic,0.0,0.0,0.0,0.0,0.0,0.0,0.0,0.0,1.0,0.0,1.0,1.0,1.0,0.0,0.0,0.0,0.0
co3--,neon,Classic,1.0,0.0,0.0,0.0,0.0,0.0,0.0,0.0,Classic,0.0,0.0,0.0,0.0,0.0,0.0,0.0,0.0,1.0,0.0,1.0,1.0,1.0,0.0,0.0,0.0,0.0
nh4+,neon,Classic,1.0,0.0,0.0,0.0,0.0,0.0,0.0,0.0,Classic,0.0,0.0,0.0,0.0,0.0,0.0,0.0,0.0,1.0,0.0,1.0,1.0,1.0,0.0,0.0,0.0,0.0
br-,neon,Classic,1.0,0.0,0.0,0.0,0.0,0.0,0.0,0.0,Classic,0.0,0.0,0.0,0.0,0.0,0.0,0.0,0.0,1.0,0.0,1.0,1.0,1.0,0.0,0.0,0.0,0.0
li+,neon,Classic,1.0,0.0,0.0,0.0,0.0,0.0,0.0,0.0,Classic,0.0,0.0,0.0,0.0,0.0,0.0,0.0,0.0,1.0,0.0,1.0,1.0,1.0,0.0,0.0,0.0,0.0
ca++,neon,Classic,1.0,0.0,0.0,0.0,0.0,0.0,0.0,0.0,Classic,0.0,0.0,0.0,0.0,0.0,0.0,0.0,0.0,1.0,0.0,1.0,1.0,1.0,0.0,0.0,0.0,0.0
cacl2,neon,Classic,0.0,0.0,0.0,0.0,0.0,0.0174,80541.0,2200.0,WS,0.055,8790.0,14765.0,0.0,0.0,0.0,0.0,0.0,2.29,0.0,2.29,2.29,2.29,0.0,0.0,0.0,0.0
oxygen,neon,Classic,0.0,0.0,0.0,0.0,0.0,0.0,0.0,0.0,Classic,0.0,0.0,0.0,0.0,0.0,0.0,0.0,0.0,-0.0078,0.0,-0.0078,-0.0078,-0.0078,0.0,0.0,0.0,0.0
nitrogen,neon,Classic,0.0,0.0,0.0,0.0,0.0,0.0,0.0,0.0,Classic,0.0,0.0,0.0,0.0,0.0,0.0,0.0,0.0,0.0,0.0,0.0,0.0,0.0,0.0,0.0,0.0,0.0
hydrogen,neon,Classic,0.0,0.0,0.0,0.0,0.0,0.0,0.0,0.0,Classic,0.0,0.0,0.0,0.0,0.0,0.0,0.0,0.0,0.0071,0.0,0.0071,0.0071,0.0071,0.0,0.0,0.0,0.0
helium,neon,Classic,0.0,0.0,0.0,0.0,0.0,0.0,0.0,0.0,Classic,0.0,0.0,0.0,0.0,0.0,0.0,0.0,0.0,0.0,0.0,0.0,0.0,0.0,0.0,0.0,0.0,0.0
n-hexane,neon,Classic,0.0,0.0,0.0,0.0,0.0,0.0,0.0,0.0,Classic,0.0,0.0,0.0,0.0,0.0,0.0,0.0,0.0,0.08,0.0,0.08,0.08,0.08,0.0,0.0,0.0,0.0
methane,neon,Classic,0.0,0.0,0.0,0.0,0.0,0.0,0.0,0.0,Classic,0.0,0.0,0.0,0.0,0.0,0.0,0.0,0.0,0.02,0.0,0.02,0.02,0.02,0.0,0.0,0.0,0.0
nacl,neon,HV,0.0,0.0,0.0,0.0,0.0,0.0105,94947.0,1773.0,WS,0.084,7623.0,5281.0,0.0,0.0,0.0,0.0,0.0,0.0,0.0,0.0,0.0,0.0,0.0,0.0,0.0,0.0
teg,neon,Classic,0.0,0.0,0.0,0.0,0.0,0.3656,2063.0,601.7,Classic,0.3656,2063.0,601.7,0.0,0.0,0.0,0.0,0.0,0.0,0.0,0.0,0.0,0.0,0.0,0.0,0.0,0.0
deg,neon,Classic,0.0,0.0,0.0,0.0,0.0,0.3656,2063.0,601.7,Classic,0.3656,2063.0,601.7,0.0,0.0,0.0,0.0,0.0,0.0,0.0,0.0,0.0,0.0,0.0,0.0,0.0,0.0
meg,neon,Classic,0.0,0.0,0.0,0.0,0.0,0.3656,2063.0,601.7,Classic,0.3656,2063.0,601.7,0.0,0.0,0.0,0.0,0.0,0.0,0.0,0.0,0.0,0.0,0.0,0.0,0.0,0.0
ethanol,neon,HV,0.0,0.0,0.0,0.0,0.0,0.395,308.0,364.0,WS,0.395,1610.0,255.0,0.0,0.0,0.0,0.0,0.0,0.5,0.0,0.5,0.5,0.5,0.0,0.0,0.0,0.0
c-c4,neon,Classic,0.0,0.0,0.0,0.0,0.0,0.0,0.0,0.0,Classic,0.0,0.0,0.0,0.0,0.0,0.0,0.0,0.0,0.0,0.0,0.0,0.0,0.0,0.0,0.0,0.0,0.0
3-m-c5,neon,Classic,0.0,0.0,0.0,0.0,0.0,0.0,0.0,0.0,Classic,0.0,0.0,0.0,0.0,0.0,0.0,0.0,0.0,0.0,0.0,0.0,0.0,0.0,0.0,0.0,0.0,0.0
mg++,neon,Classic,0.0,0.0,1.0,0.0,0.0,0.0,0.0,0.0,Classic,0.0,0.0,0.0,0.0,0.0,0.0,0.0,0.0,0.0,0.0,0.0,0.0,0.0,0.0,0.0,0.0,0.0
2-m-c5,neon,Classic,0.0,0.0,0.0,0.0,0.0,0.0,0.0,0.0,Classic,0.0,0.0,0.0,0.0,0.0,0.0,0.0,0.0,0.0,0.0,0.0,0.0,0.0,0.0,0.0,0.0,0.0
co2,neon,Classic,0.0,0.0,0.0,0.0,0.0,0.0,0.0,0.0,Classic,0.0,0.0,0.0,0.0,0.0,0.0,0.0,0.0,0.0,0.0,0.0,0.0,0.0,0.0,0.0,0.0,0.0
i-pentane,neon,Classic,0.0,0.0,0.0,0.0,0.0,0.0,0.0,0.0,Classic,0.0,0.0,0.0,0.0,0.0,0.0,0.0,0.0,0.08,0.0,0.08,0.08,0.08,0.0,0.0,0.0,0.0
h2s,neon,Classic,0.0,0.0,0.0,0.0,0.0,0.0,0.0,0.0,Classic,0.0,0.0,0.0,0.0,0.0,0.0,0.0,0.0,0.0,0.0,0.0,0.0,0.0,0.0,0.0,0.0,0.0
n-butane,neon,Classic,0.0,0.0,0.0,0.0,0.0,0.0,0.0,0.0,Classic,0.0,0.0,0.0,0.0,0.0,0.0,0.0,0.0,0.08,0.0,0.08,0.08,0.08,0.0,0.0,0.0,0.0
i-butane,neon,Classic,0.0,0.0,0.0,0.0,0.0,0.0,0.0,0.0,Classic,0.0,0.0,0.0,0.0,0.0,0.0,0.0,0.0,0.08,0.0,0.08,0.08,0.08,0.0,0.0,0.0,0.0
c-propane,neon,Classic,0.0,0.0,0.0,0.0,0.0,0.0,0.0,0.0,Classic,0.0,0.0,0.0,0.0,0.0,0.0,0.0,0.0,0.0,0.0,0.0,0.0,0.0,0.0,0.0,0.0,0.0
propane,neon,Classic,0.0,0.0,0.0,0.0,0.0,0.0,0.0,0.0,Classic,0.0,0.0,0.0,0.0,0.0,0.0,0.0,0.0,0.08,0.0,0.08,0.08,0.08,0.0,0.0,0.0,0.0
ethane,neon,Classic,0.0,0.0,0.0,0.0,0.0,0.0,0.0,0.0,Classic,0.0,0.0,0.0,0.0,0.0,0.0,0.0,0.0,0.06,0.0,0.06,0.06,0.06,0.0,0.0,0.0,0.0
methanol,neon,HV,0.0,0.0,0.0,0.0,0.0,0.395,308.0,364.0,WS,0.395,1610.0,255.0,0.0,0.0,0.0,0.0,0.0,0.5,0.0,0.5,0.5,0.5,0.0,0.0,0.0,0.0
n-pentane,neon,Classic,0.0,0.0,0.0,0.0,0.0,0.0,0.0,0.0,Classic,0.0,0.0,0.0,0.0,0.0,0.0,0.0,0.0,0.08,0.0,0.08,0.08,0.08,0.0,0.0,0.0,0.0
water,acetic acid,HV,-0.1481,0.0,0.0,0.0,0.0,-2.349,-121.68,-287.28,HV,0.0,0.0,0.0,0.0,1.288,0.95,0.0,0.0,0.0,0.0,0.0,0.0,0.0,0.0,0.0,0.0,0.0
co2,acetic acid,HV,0.0,0.0,0.0,0.0,0.0,-0.0133,4368.69,-2346.43,HV,0.3,0.0,0.0,0.0,-5.277,4.042,0.0,0.0,0.0,0.0,0.0,0.0,0.0,0.0,0.0,0.0,0.0
methane,acetic acid,HV,0.112898,0.0,0.0,0.0,0.0,0.0,3161.4,-921.76,HV,0.3,0.0,0.0,0.0,-2.1938,1.2181,0.0,0.0,0.0,0.0,0.0,0.0,0.0,0.0,0.0,0.0,0.0
co2,ac-,Classic,1.0,0.0,0.0,0.0,0.0,0.0,0.0,0.0,Classic,0.0,0.0,0.0,0.0,0.0,0.0,0.0,0.0,1.0,0.0,1.0,1.0,1.0,0.0,0.0,0.0,0.0
ac-,water,Classic,1.0,0.0,0.0,0.0,0.0,0.0,0.0,0.0,Classic,0.0,0.0,0.0,0.0,0.0,0.0,0.0,0.0,1.0,0.0,1.0,1.0,1.0,0.0,0.0,0.0,0.0
acetic acid,hco3-,Classic,1.0,0.0,0.0,0.0,0.0,0.0,0.0,0.0,Classic,0.0,0.0,0.0,0.0,0.0,0.0,0.0,0.0,1.0,0.0,1.0,1.0,1.0,0.0,0.0,0.0,0.0
acetic acid,ac-,Classic,1.0,0.0,0.0,0.0,0.0,0.0,0.0,0.0,Classic,0.0,0.0,0.0,0.0,0.0,0.0,0.0,0.0,1.0,0.0,1.0,1.0,1.0,0.0,0.0,0.0,0.0
mdea,ac-,Classic,1.0,0.0,0.0,0.0,0.0,0.0,0.0,0.0,Classic,0.0,0.0,0.0,0.0,0.0,0.0,0.0,0.0,1.0,0.0,1.0,1.0,1.0,0.0,0.0,0.0,0.0
hco3-,ac-,Classic,1.0,0.0,0.0,0.0,0.0,0.0,0.0,0.0,Classic,0.0,0.0,0.0,0.0,0.0,0.0,0.0,0.0,1.0,0.0,1.0,1.0,1.0,0.0,0.0,0.0,0.0
acetic acid,mdea+,Classic,1.0,0.0,0.0,0.0,0.0,0.0,0.0,0.0,Classic,0.0,0.0,0.0,0.0,0.0,0.0,0.0,0.0,1.0,0.0,1.0,1.0,1.0,0.0,0.0,0.0,0.0
acetic acid,mdea,HV,0.2,0.0,0.0,0.0,0.0,0.0,600.0,300.0,Classic,0.0,0.0,0.0,0.0,0.0,0.0,0.0,0.0,1.0,0.0,1.0,1.0,1.0,0.0,0.0,0.0,0.0
ac-,mdea+,Classic,1.0,0.0,0.0,0.0,0.0,0.0,0.0,0.0,Classic,0.0,0.0,0.0,0.0,0.0,0.0,0.0,0.0,1.0,0.0,1.0,1.0,1.0,0.0,0.0,0.0,0.0
co2,piperazine,Classic,-1.031953999,0.0,0.0,0.0,0.0,0.0,0.0,0.0,Classic,0.0,0.0,0.0,0.0,0.0,0.0,0.0,0.0,0.0,0.0,0.0,0.0,0.0,0.0,0.0,0.0,0.0
co2,piperazine+,Classic,1.0,0.0,0.0,0.0,0.0,0.0,0.0,0.0,Classic,0.0,0.0,0.0,0.0,0.0,0.0,0.0,0.0,0.0,0.0,0.0,0.0,0.0,0.0,0.0,0.0,0.0
co2,pzcoo-,Classic,1.0,0.0,0.0,0.0,0.0,0.0,0.0,0.0,Classic,0.0,0.0,0.0,0.0,0.0,0.0,0.0,0.0,0.0,0.0,0.0,0.0,0.0,0.0,0.0,0.0,0.0
co2,h+pzcoo-,Classic,-0.219549307,0.0,0.0,0.0,0.0,0.0,0.0,0.0,Classic,0.0,0.0,0.0,0.0,0.0,0.0,0.0,0.0,0.0,0.0,0.0,0.0,0.0,0.0,0.0,0.0,0.0
co2,-oocpzcoo-,Classic,1.0,0.0,0.0,0.0,0.0,0.0,0.0,0.0,Classic,0.0,0.0,0.0,0.0,0.0,0.0,0.0,0.0,0.0,0.0,0.0,0.0,0.0,0.0,0.0,0.0,0.0
water,piperazine+,Classic,1.0,0.0,0.0,0.0,0.0,0.0,0.0,0.0,Classic,0.0,0.0,0.0,0.0,0.0,0.0,0.0,0.0,0.0,0.0,0.0,0.0,0.0,0.0,0.0,0.0,0.0
water,pzcoo-,Classic,1.0,0.0,0.0,0.0,0.0,0.0,0.0,0.0,Classic,0.0,0.0,0.0,0.0,0.0,0.0,0.0,0.0,0.0,0.0,0.0,0.0,0.0,0.0,0.0,0.0,0.0
water,h+pzcoo-,Classic,-0.199480972,0.0,0.0,0.0,0.0,0.0,0.0,0.0,Classic,0.0,0.0,0.0,0.0,0.0,0.0,0.0,0.0,0.0,0.0,0.0,0.0,0.0,0.0,0.0,0.0,0.0
water,-oocpzcoo-,Classic,1.0,0.0,0.0,0.0,0.0,0.0,0.0,0.0,Classic,0.0,0.0,0.0,0.0,0.0,0.0,0.0,0.0,0.0,0.0,0.0,0.0,0.0,0.0,0.0,0.0,0.0
piperazine,hco3-,Classic,1.0,0.0,0.0,0.0,0.0,0.0,0.0,0.0,Classic,0.0,0.0,0.0,0.0,0.0,0.0,0.0,0.0,0.0,0.0,0.0,0.0,0.0,0.0,0.0,0.0,0.0
piperazine,piperazine+,Classic,1.0,0.0,0.0,0.0,0.0,0.0,0.0,0.0,Classic,0.0,0.0,0.0,0.0,0.0,0.0,0.0,0.0,0.0,0.0,0.0,0.0,0.0,0.0,0.0,0.0,0.0
piperazine,pzcoo-,Classic,1.0,0.0,0.0,0.0,0.0,0.0,0.0,0.0,Classic,0.0,0.0,0.0,0.0,0.0,0.0,0.0,0.0,0.0,0.0,0.0,0.0,0.0,0.0,0.0,0.0,0.0
piperazine,h+pzcoo-,Classic,-0.27882929,0.0,0.0,0.0,0.0,0.0,0.0,0.0,Classic,0.0,0.0,0.0,0.0,0.0,0.0,0.0,0.0,0.0,0.0,0.0,0.0,0.0,0.0,0.0,0.0,0.0
piperazine,-oocpzcoo-,Classic,1.0,0.0,0.0,0.0,0.0,0.0,0.0,0.0,Classic,0.0,0.0,0.0,0.0,0.0,0.0,0.0,0.0,0.0,0.0,0.0,0.0,0.0,0.0,0.0,0.0,0.0
hco3-,piperazine+,Classic,1.0,0.0,0.0,0.0,0.0,0.0,0.0,0.0,Classic,0.0,0.0,0.0,0.0,0.0,0.0,0.0,0.0,0.0,0.0,0.0,0.0,0.0,0.0,0.0,0.0,0.0
hco3-,pzcoo-,Classic,1.0,0.0,0.0,0.0,0.0,0.0,0.0,0.0,Classic,0.0,0.0,0.0,0.0,0.0,0.0,0.0,0.0,0.0,0.0,0.0,0.0,0.0,0.0,0.0,0.0,0.0
hco3-,h+pzcoo-,Classic,1.0,0.0,0.0,0.0,0.0,0.0,0.0,0.0,Classic,0.0,0.0,0.0,0.0,0.0,0.0,0.0,0.0,0.0,0.0,0.0,0.0,0.0,0.0,0.0,0.0,0.0
hco3-,-oocpzcoo-,Classic,1.0,0.0,0.0,0.0,0.0,0.0,0.0,0.0,Classic,0.0,0.0,0.0,0.0,0.0,0.0,0.0,0.0,0.0,0.0,0.0,0.0,0.0,0.0,0.0,0.0,0.0
piperazine+,pzcoo-,Classic,1.0,0.0,0.0,0.0,0.0,0.0,0.0,0.0,Classic,0.0,0.0,0.0,0.0,0.0,0.0,0.0,0.0,0.0,0.0,0.0,0.0,0.0,0.0,0.0,0.0,0.0
piperazine+,h+pzcoo-,Classic,1.0,0.0,0.0,0.0,0.0,0.0,0.0,0.0,Classic,0.0,0.0,0.0,0.0,0.0,0.0,0.0,0.0,0.0,0.0,0.0,0.0,0.0,0.0,0.0,0.0,0.0
piperazine+,-oocpzcoo-,Classic,1.0,0.0,0.0,0.0,0.0,0.0,0.0,0.0,Classic,0.0,0.0,0.0,0.0,0.0,0.0,0.0,0.0,0.0,0.0,0.0,0.0,0.0,0.0,0.0,0.0,0.0
pzcoo-,h+pzcoo-,Classic,1.0,0.0,0.0,0.0,0.0,0.0,0.0,0.0,Classic,0.0,0.0,0.0,0.0,0.0,0.0,0.0,0.0,0.0,0.0,0.0,0.0,0.0,0.0,0.0,0.0,0.0
pzcoo-,-oocpzcoo-,Classic,1.0,0.0,0.0,0.0,0.0,0.0,0.0,0.0,Classic,0.0,0.0,0.0,0.0,0.0,0.0,0.0,0.0,0.0,0.0,0.0,0.0,0.0,0.0,0.0,0.0,0.0
h+pzcoo-,-oocpzcoo-,Classic,1.0,0.0,0.0,0.0,0.0,0.0,0.0,0.0,Classic,0.0,0.0,0.0,0.0,0.0,0.0,0.0,0.0,0.0,0.0,0.0,0.0,0.0,0.0,0.0,0.0,0.0
oh-,piperazine,Classic,1.0,0.0,0.0,0.0,0.0,0.0,0.0,0.0,Classic,0.0,0.0,0.0,0.0,0.0,0.0,0.0,0.0,0.0,0.0,0.0,0.0,0.0,0.0,0.0,0.0,0.0
oh-,piperazine+,Classic,1.0,0.0,0.0,0.0,0.0,0.0,0.0,0.0,Classic,0.0,0.0,0.0,0.0,0.0,0.0,0.0,0.0,0.0,0.0,0.0,0.0,0.0,0.0,0.0,0.0,0.0
oh-,hco3-,Classic,1.0,0.0,0.0,0.0,0.0,0.0,0.0,0.0,Classic,0.0,0.0,0.0,0.0,0.0,0.0,0.0,0.0,0.0,0.0,0.0,0.0,0.0,0.0,0.0,0.0,0.0
oh-,h+pzcoo-,Classic,1.0,0.0,0.0,0.0,0.0,0.0,0.0,0.0,Classic,0.0,0.0,0.0,0.0,0.0,0.0,0.0,0.0,0.0,0.0,0.0,0.0,0.0,0.0,0.0,0.0,0.0
oh-,pzcoo-,Classic,1.0,0.0,0.0,0.0,0.0,0.0,0.0,0.0,Classic,0.0,0.0,0.0,0.0,0.0,0.0,0.0,0.0,0.0,0.0,0.0,0.0,0.0,0.0,0.0,0.0,0.0
oh-,-oocpzcoo-,Classic,1.0,0.0,0.0,0.0,0.0,0.0,0.0,0.0,Classic,0.0,0.0,0.0,0.0,0.0,0.0,0.0,0.0,0.0,0.0,0.0,0.0,0.0,0.0,0.0,0.0,0.0
piperazine,water,HV,0.2,0.0,0.0,0.0,0.0,0.36498,2622.533,-1705.0208,Classic,0.0,0.0,0.0,0.0,-2.7049,0.7156,0.0,0.0,0.0,0.0,0.0,0.0,0.0,0.0,0.0,0.0,0.0
mdea,piperazine,Classic,-0.34688711,0.0,0.0,0.0,0.0,0.0,0.0,0.0,Classic,0.0,0.0,0.0,0.0,0.0,0.0,0.0,0.0,0.0,0.0,0.0,0.0,0.0,0.0,0.0,0.0,0.0
mdea,piperazine+,Classic,1.0,0.0,0.0,0.0,0.0,0.0,0.0,0.0,Classic,0.0,0.0,0.0,0.0,0.0,0.0,0.0,0.0,0.0,0.0,0.0,0.0,0.0,0.0,0.0,0.0,0.0
mdea,pzcoo-,Classic,1.0,0.0,0.0,0.0,0.0,0.0,0.0,0.0,Classic,0.0,0.0,0.0,0.0,0.0,0.0,0.0,0.0,0.0,0.0,0.0,0.0,0.0,0.0,0.0,0.0,0.0
mdea,h+pzcoo-,Classic,-0.2,0.0,0.0,0.0,0.0,0.0,0.0,0.0,Classic,0.0,0.0,0.0,0.0,0.0,0.0,0.0,0.0,0.0,0.0,0.0,0.0,0.0,0.0,0.0,0.0,0.0
mdea,-oocpzcoo-,Classic,1.0,0.0,0.0,0.0,0.0,0.0,0.0,0.0,Classic,0.0,0.0,0.0,0.0,0.0,0.0,0.0,0.0,0.0,0.0,0.0,0.0,0.0,0.0,0.0,0.0,0.0
mdea+,piperazine+,Classic,1.0,0.0,0.0,0.0,0.0,0.0,0.0,0.0,Classic,0.0,0.0,0.0,0.0,0.0,0.0,0.0,0.0,0.0,0.0,0.0,0.0,0.0,0.0,0.0,0.0,0.0
mdea+,pzcoo-,Classic,1.0,0.0,0.0,0.0,0.0,0.0,0.0,0.0,Classic,0.0,0.0,0.0,0.0,0.0,0.0,0.0,0.0,0.0,0.0,0.0,0.0,0.0,0.0,0.0,0.0,0.0
mdea+,h+pzcoo-,Classic,1.0,0.0,0.0,0.0,0.0,0.0,0.0,0.0,Classic,0.0,0.0,0.0,0.0,0.0,0.0,0.0,0.0,0.0,0.0,0.0,0.0,0.0,0.0,0.0,0.0,0.0
mdea+,-oocpzcoo-,Classic,1.0,0.0,0.0,0.0,0.0,0.0,0.0,0.0,Classic,0.0,0.0,0.0,0.0,0.0,0.0,0.0,0.0,0.0,0.0,0.0,0.0,0.0,0.0,0.0,0.0,0.0
mdea,water,HV,0.0,0.0,0.0,0.0,0.0,0.21,-1461.0,1201.0,WS,0.386,-401.57,803.41,0.0,5.89,-7.24,0.0,0.0,-0.25,0.0,-0.25,-0.25,0.0,0.0,0.0,0.0,0.0
oh-,co3--,Classic,1.0,0.0,0.0,0.0,0.0,0.0,0.0,0.0,Classic,0.0,0.0,0.0,0.0,0.0,0.0,0.0,0.0,0.0,0.0,0.0,0.0,0.0,0.0,0.0,0.0,0.0
hco3-,co3--,Classic,1.0,0.0,0.0,0.0,0.0,0.0,0.0,0.0,Classic,0.0,0.0,0.0,0.0,0.0,0.0,0.0,0.0,0.0,0.0,0.0,0.0,0.0,0.0,0.0,0.0,0.0
acetic acid,co3--,Classic,1.0,0.0,0.0,0.0,0.0,0.0,0.0,0.0,Classic,0.0,0.0,0.0,0.0,0.0,0.0,0.0,0.0,0.0,0.0,0.0,0.0,0.0,0.0,0.0,0.0,0.5
acetic acid,oh-,Classic,1.0,0.0,0.0,0.0,0.0,0.0,0.0,0.0,Classic,0.0,0.0,0.0,0.0,0.0,0.0,0.0,0.0,0.0,0.0,0.0,0.0,0.0,0.0,0.0,0.0,0.5
ac-,co3--,Classic,1.0,0.0,0.0,0.0,0.0,0.0,0.0,0.0,Classic,0.386,-401.57,803.41,0.0,5.093855611,-6.006005569,0.0,0.0,0.0,0.0,0.0,0.0,0.0,0.0,0.0,0.0,0.5
ac-,oh-,Classic,1.0,0.0,0.0,0.0,0.0,0.0,0.0,0.0,Classic,0.0,0.0,0.0,0.0,0.0,0.0,0.0,0.0,0.0,0.0,0.0,0.0,0.0,0.0,0.0,0.0,-0.0789
co3--,piperazine+,Classic,1.0,0.0,0.0,0.0,0.0,0.0,0.0,0.0,Classic,0.0,0.0,0.0,0.0,0.0,0.0,0.0,0.0,0.0,0.0,0.0,0.0,0.0,0.0,0.0,0.0,-0.0385
piperazine,mdea+,Classic,1.0,0.0,0.0,0.0,0.0,0.0,0.0,0.0,Classic,0.0,0.0,0.0,0.0,0.0,0.0,0.0,0.0,0.0,0.0,0.0,0.0,0.0,0.0,0.0,0.0,-0.0385
methane,h+pzcoo-,Classic,0.760482,0.0,0.0,0.0,0.0,0.0,0.0,0.0,Classic,0.0,0.0,0.0,0.0,0.0,0.0,0.0,0.0,0.0,0.0,0.0,0.0,0.0,0.0,0.0,0.0,0.14
methane,piperazine+,Classic,1.0,0.0,0.0,0.0,0.0,0.0,0.0,0.0,Classic,0.0,0.0,0.0,0.0,0.0,0.0,0.0,0.0,0.0,0.0,0.0,0.0,0.0,0.0,0.0,0.0,0.0256
piperazine,methane,Classic,0.599959902,0.0,0.0,0.0,0.0,0.122,2467.0,274.0,Classic,0.0,0.0,0.0,0.0,0.0,0.0,0.0,0.0,0.646504377,0.0,0.646504377,0.646504377,0.646504377,0.0,0.0,0.0,0.18
n-octane,water,Classic,0.5,0.0,0.5,0.0,0.0,0.145,681.0,2507.0,WS,0.145,681.0,2507.0,0.0,0.0,0.0,0.0,0.0,-0.0165,0.0,-0.0165,-0.0165,0.0,0.0,0.0,0.0,0.26
n-nonane,water,Classic,0.5,0.0,0.5,0.0,0.0,0.145,681.0,2507.0,WS,0.145,681.0,2507.0,0.0,0.0,0.0,0.0,0.0,-0.0425,0.0,-0.0425,-0.0425,0.0,0.0,0.0,0.0,0.0
methanolpvtsim,water,HV,-0.0789,0.0,-0.0789,0.0,0.0,0.25,549.8,-407.2,WS,0.303,-48.68,610.6,0.0,1.54,-1.02,0.0,0.0,-0.09,0.093103947,-0.09,-0.09,-0.09,0.093103947,0.0,0.0,0.0
water,megpvtsim18,HV,0.0,0.0,-0.0385,0.0,0.0,0.3226,-256.39,-60.79,WS,0.327,1229.0,-946.4,0.0,0.51,0.78,0.0,0.0,-0.115,0.0,-0.115,-0.115,-0.115,0.0,0.0,0.0,0.0
water,megpvtsim19,HV,0.0,-0.63,-0.0385,0.0,0.0,0.004,2673.0,-957.6,WS,0.327,1229.0,-946.4,0.0,0.0,0.0,0.0,0.0,-0.115,0.0,-0.115,-0.115,-0.115,0.0,0.0,0.0,-0.0385
methanolpvtsim,propanepvtsim,HV,0.14,0.0,0.14,0.0,0.0,0.42,183.0,848.0,WS,0.327,1229.0,-946.4,0.0,0.83,0.86,0.0,0.0,-0.115,0.0,-0.115,-0.115,-0.115,0.0,0.0,0.0,-0.0385
ethanolpvtsim,propanepvtsim,HV,0.0256,0.0,0.0256,0.0,0.0,0.395,435.0,895.0,WS,0.327,1229.0,-946.4,0.0,0.0,0.0,0.0,0.0,-0.115,0.0,-0.115,-0.115,-0.115,0.0,0.0,0.0,-0.0385
methanolpvtsim,nbutanepvtsim,HV,0.18,0.0,0.18,0.0,0.0,0.42,1191.0,1148.0,WS,0.327,1229.0,-946.4,0.0,0.0,0.0,0.0,0.0,-0.115,0.0,-0.115,-0.115,-0.115,0.0,0.0,0.0,-0.0385
ethanolpvtsim,nbutanepvtsim,HV,0.26,0.0,0.26,0.0,0.0,0.395,1230.0,1186.0,WS,0.327,1229.0,-946.4,0.0,0.0,0.0,0.0,0.0,-0.115,0.0,-0.115,-0.115,-0.115,0.0,0.0,0.0,0.0542
mercury,methane,Classic,0.0549,0.0,0.0913,0.0,0.0,0.0,0.0,0.0,Classic,0.0,0.0,0.0,0.0,0.0,0.0,0.0,0.0,0.0,0.0,0.0,0.0,0.0,0.0,0.0,0.0,0.155
mercury,n-pentane,Classic,0.0355,0.0,0.0256,0.0,0.0,0.0,0.0,0.0,Classic,0.0,0.0,0.0,0.0,0.0,0.0,0.0,0.0,0.02,0.0,0.02,0.02,0.0,0.0,0.0,0.0,0.0
mercury,n-hexane,Classic,0.025,0.0,0.0099,0.0,0.0,0.0,0.0,0.0,Classic,0.0,0.0,0.0,0.0,0.0,0.0,0.0,0.0,-0.075,0.0,-0.075,-0.075,0.0,0.0,0.0,0.0,0.0
mercury,n-heptane,Classic,0.0042,0.0,-0.0117,0.0,0.0,0.0,0.0,0.0,Classic,0.0,0.0,0.0,0.0,0.0,0.0,0.0,0.0,-0.1,0.0,-0.1,-0.1,0.0,0.0,0.0,0.0,0.0
water,nacl,HV,0.0,0.0,-0.0385,0.0,0.0,-0.0145,1506.3,-863.3,WS,0.327,1229.0,-946.4,0.0,4.11,-0.603,0.0,0.0,0.0,0.0,0.0,0.0,0.0,0.0,0.0,0.0,0.0
meg,nacl,HV,0.0,0.0,-0.0385,0.0,0.0,-0.0145,1506.3,-863.3,WS,0.327,1229.0,-946.4,0.0,4.11,-0.603,0.0,0.0,0.0,0.0,0.0,0.0,0.0,0.0,0.0,0.0,0.0
water,cacl2,HV,0.0,0.0,-0.0385,0.0,0.0,-0.0145,1506.3,-863.3,WS,0.327,1229.0,-946.4,0.0,4.11,-0.603,0.0,0.0,-0.115,0.0,-0.115,-0.115,-0.115,0.0,0.0,0.0,0.0
meg,cacl2,HV,0.0,0.0,-0.0385,0.0,0.0,-0.0145,1506.3,-863.3,WS,0.327,1229.0,-946.4,0.0,4.11,-0.603,0.0,0.0,-0.115,0.0,-0.115,-0.115,-0.115,0.0,0.0,0.0,0.0
n-nonane,h2s,Classic,0.0542,0.0,0.0542,0.0,0.0,0.0,0.0,0.0,Classic,0.0,0.0,0.0,0.0,0.0,0.0,0.0,0.0,0.05,0.0,0.05,0.05,0.05,0.0,0.0,0.0,0.0
nc10,nitrogen,Classic,0.1293,0.0,0.1293,0.0,0.0,0.0,0.0,0.0,Classic,0.0,0.0,0.0,0.0,0.0,0.0,0.0,0.0,0.08,0.0,0.08,0.08,0.08,0.0,0.0,0.0,0.0
nc11,nc13,Classic,-0.05,0.0,0.0,0.0,0.0,0.0,0.0,0.0,Classic,0.0,0.0,0.0,0.0,0.0,0.0,0.0,0.0,0.0,0.0,0.0,0.0,0.0,0.0,0.0,0.0,0.2
nc14,nc16,Classic,-0.015,0.0,0.0,0.0,0.0,0.0,0.0,0.0,Classic,0.0,0.0,0.0,0.0,0.0,0.0,0.0,0.0,0.0,0.0,0.0,0.0,0.0,0.0,0.0,0.0,0.2
n-octane,teg,Classic,0.0,0.0,0.0,0.0,0.0,0.0,0.0,0.0,Classic,0.0,0.0,0.0,0.0,0.0,0.0,0.0,0.0,0.109,0.0,0.109,0.109,0.0,0.0,0.0,0.0,0.0
n-nonane,teg,Classic,0.0,0.0,0.0,0.0,0.0,0.0,0.0,0.0,Classic,0.0,0.0,0.0,0.0,0.0,0.0,0.0,0.0,0.1,0.0,0.1,0.1,0.0,0.0,0.0,0.0,0.0
nc10,teg,Classic,0.0,0.0,0.0,0.0,0.0,0.0,0.0,0.0,Classic,0.0,0.0,0.0,0.0,0.0,0.0,0.0,0.0,0.091,0.0,0.091,0.091,0.0,0.0,0.0,0.0,0.0
cos,teg,Classic,0.0,0.0,0.0,0.0,0.0,0.0,0.0,0.0,Classic,0.0,0.0,0.0,0.0,0.0,0.0,0.0,0.0,0.08,0.0,0.08,0.08,0.0,0.0,0.0,0.0,0.0
cos,meg,Classic,0.0,0.0,0.0,0.0,0.0,0.0,0.0,0.0,Classic,0.0,0.0,0.0,0.0,0.0,0.0,0.0,0.0,0.1,0.0,0.1,0.1,0.0,0.0,0.0,0.0,0.0
cos,methane,Classic,0.0,0.0,0.0,0.0,0.0,0.0,0.0,0.0,Classic,0.0,0.0,0.0,0.0,0.0,0.0,0.0,0.0,0.01,0.0,0.01,0.01,0.0,0.0,0.0,0.0,0.0
m-cy-c6,meg,Classic,0.0,0.0,0.0,0.0,0.0,0.3656,2063.0,601.7,Classic,0.3656,2063.0,601.7,0.0,0.0,0.0,0.0,0.0,0.061,0.0,0.061,0.061,0.061,0.0,0.0,0.0,0.19
deg,benzene,Classic,0.2,0.0,0.2,0.0,0.0,0.3656,2063.0,601.7,Classic,0.2,0.3656,2063.0,0.0,0.0,0.0,0.0,0.0,0.028,0.0,0.028,0.028,0.028,0.0,0.035,0.0,0.19
deg,toluene,Classic,0.2,0.0,0.2,0.0,0.0,0.3656,2063.0,601.7,Classic,0.2,0.3656,2063.0,0.0,0.0,0.0,0.0,0.0,0.046,0.0,0.046,0.046,0.046,0.0,0.033,0.0,0.0
i-propanol,water,Classic,0.0,0.0,0.0,0.0,0.0,0.2245,2207.03,-2612.51,WS,0.3791,-268.88,885.99,0.0,-4.6,7.3,0.0,0.0,-0.08,0.0,-0.08,-0.08,-0.08,0.0,0.0,0.0,0.05
1-propanol,water,Classic,0.0,0.0,0.0,0.0,0.0,0.2245,2207.03,-2612.51,WS,0.3791,-268.88,885.99,0.0,-4.6,7.3,0.0,0.0,-0.16,0.0,-0.16,-0.16,-0.16,0.0,0.0,0.0,0.05
1-propanol,n-hexane,Classic,0.0,0.0,0.0,0.0,0.0,0.0,0.0,0.0,WS,0.0,0.0,0.0,0.0,0.0,0.0,0.0,0.0,0.017,0.0,0.017,0.017,0.017,0.0,0.0,0.0,0.05
1-propanol,c-hexane,Classic,0.0,0.0,0.0,0.0,0.0,0.0,0.0,0.0,WS,0.0,0.0,0.0,0.0,0.0,0.0,0.0,0.0,0.029,0.0,0.029,0.029,0.029,0.0,0.0,0.0,0.05
mercury,o-xylene,Classic,0.0608,0.0,0.0467,0.0,0.0,0.0,0.0,0.0,Classic,0.0,0.0,0.0,0.0,0.0,0.0,0.0,0.0,0.0,0.0,0.0,0.0,0.0,0.0,0.0,0.0,0.2
mercury,c-hexane,Classic,0.0522,0.0,0.0422,0.0,0.0,0.0,0.0,0.0,Classic,0.0,0.0,0.0,0.0,0.0,0.0,0.0,0.0,0.0,0.0,0.0,0.0,0.0,0.0,0.0,0.0,0.0
methane,1-propanol,Classic,0.19,0.0,0.19,0.0,0.0,0.395,2005.0,494.0,WS,0.395,2005.0,494.0,0.0,0.0,0.0,0.0,0.0,-0.04,0.0,-0.04,-0.04,0.0,0.0,0.0,0.0,0.0
ethane,1-propanol,Classic,0.19,0.0,0.19,0.0,0.0,0.395,2005.0,494.0,WS,0.395,2005.0,494.0,0.0,0.0,0.0,0.0,0.0,-0.3,0.0,-0.3,-0.3,0.0,0.0,0.0,0.0,0.0
mercury,i-butane,Classic,0.0415,0.0,0.0351,0.0,0.0,0.0,0.0,0.0,Classic,0.0,0.0,0.0,0.0,0.0,0.0,0.0,0.0,0.0,0.0,0.0,0.0,0.0,0.0,0.0,0.0,0.0
s8,benzene,Classic,0.05,0.0,0.05,0.0,0.0,0.15,-123.6011438,4875.094236,Classic,0.0,26.6,-142.2,0.0,2.137853939,-6.549655038,0.0,0.0,0.05,0.0,0.05,0.05,0.05,0.0,0.0,0.0,0.0
s8,toluene,Classic,0.05,0.0,0.05,0.0,0.0,0.15,-123.6011438,4875.094236,Classic,0.0,26.6,-142.2,0.0,2.137853939,-6.549655038,0.0,0.0,0.05,0.0,0.05,0.05,0.05,0.0,0.0,0.0,0.0
s8,ethane,Classic,0.05,0.0,0.05,0.0,0.0,0.15,-123.6011438,4875.094236,Classic,0.0,26.6,-142.2,0.0,2.137853939,-6.549655038,0.0,0.0,0.05,0.0,0.05,0.05,0.05,0.0,0.0,0.0,0.0
s8,propane,Classic,0.05,0.0,0.05,0.0,0.0,0.15,-123.6011438,4875.094236,Classic,0.0,26.6,-142.2,0.0,2.137853939,-6.549655038,0.0,0.0,0.05,0.0,0.05,0.05,0.05,0.0,0.0,0.0,0.0
s8,water,Classic,0.05,0.0,0.2,0.0,0.0,0.15,-123.6011438,4875.094236,Classic,0.0,26.6,-142.2,0.0,2.137853939,-6.549655038,0.0,0.0,0.2,0.0,0.2,0.2,0.2,0.0,0.0,0.0,0.0
mercury,ethane,Classic,0.0867,0.0,0.0877,0.0,0.0,0.0,0.0,0.0,Classic,0.0,0.0,0.0,0.0,0.0,0.0,0.0,0.0,0.0,0.0,0.0,0.0,0.0,0.0,0.0,0.0,0.0
mercury,propane,Classic,0.0576,0.0,0.0533,0.0,0.0,0.0,0.0,0.0,Classic,0.0,0.0,0.0,0.0,0.0,0.0,0.0,0.0,0.0,0.0,0.0,0.0,0.0,0.0,0.0,0.0,0.0
mercury,n-butane,Classic,0.073,0.0,0.0,0.0,0.0,0.0,0.0,0.0,Classic,0.0,0.0,0.0,0.0,0.0,0.0,0.0,0.0,0.0,0.0,0.0,0.0,0.0,0.0,0.0,0.0,0.0
mercury,benzene,Classic,0.1184,0.0,0.1079,0.0,0.0,0.0,0.0,0.0,Classic,0.0,0.0,0.0,0.0,0.0,0.0,0.0,0.0,0.0,0.0,0.0,0.0,0.0,0.0,0.0,0.0,0.044799998
mercury,toluene,Classic,0.0723,0.0,0.0583,0.0,0.0,0.0,0.0,0.0,Classic,0.0,0.0,0.0,0.0,0.0,0.0,0.0,0.0,0.0,0.0,0.0,0.0,0.0,0.0,0.0,0.0,0.044799998
mercury,meg,Classic,0.193241,0.001035,0.19618,0.000986,0.0,0.0,0.0,0.0,Classic,0.0,0.0,0.0,0.0,0.0,0.0,0.0,0.0,0.0,0.0,0.0,0.0,0.0,0.0,0.0,0.0,0.0474
mercury,water,Classic,-0.088416,0.00246,-0.084172,0.002422,0.0,0.0,0.0,0.0,Classic,0.0,0.0,0.0,0.0,0.0,0.0,0.0,0.0,0.0,0.0,0.0,0.0,0.0,0.0,0.0,0.0,0.100000001
mercury,nitrogen,Classic,-0.0168,0.0,0.058,0.0,0.0,0.0,0.0,0.0,Classic,0.0,0.0,0.0,0.0,0.0,0.0,0.0,0.0,0.0,0.0,0.0,0.0,0.0,0.0,0.0,0.0,0.100000001
mercury,co2,Classic,0.369,0.0,0.3651,0.0,0.0,0.0,0.0,0.0,Classic,0.0,0.0,0.0,0.0,0.0,0.0,0.0,0.0,0.0,0.0,0.0,0.0,0.0,0.0,0.0,0.0,0.0145
mercury,n-octane,Classic,-0.0116,0.0,-0.0293,0.0,0.0,0.0,0.0,0.0,Classic,0.0,0.0,0.0,0.0,0.0,0.0,0.0,0.0,0.0,0.0,0.0,0.0,0.0,0.0,0.0,0.0,0.079999998
mercury,nc10,Classic,-0.0599,0.0,-0.0802,0.0,0.0,0.0,0.0,0.0,Classic,0.0,0.0,0.0,0.0,0.0,0.0,0.0,0.0,0.0,0.0,0.0,0.0,0.0,0.0,0.0,0.0,0.079999998
mercury,m-cy-c6,Classic,0.0266,0.0,0.0152,0.0,0.0,0.0,0.0,0.0,Classic,0.0,0.0,0.0,0.0,0.0,0.0,0.0,0.0,0.0,0.0,0.0,0.0,0.0,0.0,0.0,0.0,0.155
n-octane,methane,Classic,0.044799998,0.0,0.044799998,0.0,0.035,0.0,0.0,0.0,Classic,0.0,0.0,0.0,0.0,0.0,0.0,0.0,0.0,0.0,0.0,0.0,0.0,0.0,0.0,0.0,0.0,0.5091
n-nonane,methane,Classic,0.044799998,0.0,0.044799998,0.0,0.0,0.0,0.0,0.0,Classic,0.0,0.0,0.0,0.0,0.0,0.0,0.0,0.0,0.0,0.0,0.0,0.0,0.0,0.0,0.0,0.0,-0.0789
nc10,methane,Classic,0.041099999,0.0,0.041099999,0.0,0.043,0.0,0.0,0.0,Classic,0.0,0.0,0.0,0.0,0.0,0.0,0.0,0.0,0.0,0.0,0.0,0.0,0.0,0.0,0.0,0.0,0.3012
n-octane,co2,Classic,0.100000001,0.0,0.100000001,0.0,0.11,0.0,0.0,0.0,Classic,0.0,0.0,0.0,0.0,0.0,0.0,0.0,0.0,0.0,0.0,0.0,0.0,0.0,0.0,0.0,0.0,0.3012
n-nonane,co2,Classic,0.100000001,0.0,0.100000001,0.0,0.0,0.0,0.0,0.0,Classic,0.0,0.0,0.0,0.0,0.0,0.0,0.0,0.0,0.0,0.0,0.0,0.0,0.0,0.0,0.0,0.0,0.0
nc10,co2,Classic,0.130400002,0.0,0.130400002,0.0,0.126,0.0,0.0,0.0,Classic,0.0,0.0,0.0,0.0,0.0,0.0,0.0,0.0,0.0,0.0,0.0,0.0,0.0,0.0,0.0,0.0,0.0
n-octane,nitrogen,Classic,0.079999998,0.0,0.079999998,0.0,0.11,0.0,0.0,0.0,Classic,0.0,0.0,0.0,0.0,0.0,0.0,0.0,0.0,0.0,0.0,0.0,0.0,0.0,0.0,0.0,0.0,0.0
n-nonane,nitrogen,Classic,0.079999998,0.0,0.079999998,0.0,0.0,0.0,0.0,0.0,Classic,0.0,0.0,0.0,0.0,0.0,0.0,0.0,0.0,0.0,0.0,0.0,0.0,0.0,0.0,0.0,0.0,0.0
ammonia,water,Classic,-0.0789,0.0,-0.0789,0.0,0.0,0.357,410.67,-169.63,WS,0.303,-48.68,610.6,0.0,1.89,-1.11,0.0,0.0,-0.153,0.0,-0.153,-0.153,-0.153,0.0,0.0,0.0,0.0
co2,sulfuric acid,Classic,0.3012,0.0,0.3012,0.0,0.0,0.357,410.67,-169.63,WS,0.303,-48.68,610.6,0.0,1.89,-1.11,0.0,0.0,0.3012,0.0,0.3012,0.3012,0.3012,0.0,0.0,0.0,0.0
co2,nitric acid,Classic,0.4012,0.0,0.3012,0.0,0.0,0.357,410.67,-169.63,WS,0.303,-48.68,610.6,0.0,1.89,-1.11,0.0,0.0,0.4012,0.0,0.4012,0.4012,0.4012,0.0,0.0,0.0,0.0
mercury,methanol,Classic,0.173418,0.000925,0.189436,0.000816,0.0,0.0,0.0,0.0,Classic,0.0,0.0,0.0,0.0,0.0,0.0,0.0,0.0,0.0,0.0,0.0,0.0,0.0,0.0,0.0,0.0,0.0
mercury,ethanol,Classic,-0.112608,0.001592,-0.117875,0.001565,0.0,0.0,0.0,0.0,Classic,0.0,0.0,0.0,0.0,0.0,0.0,0.0,0.0,0.0,0.0,0.0,0.0,0.0,0.0,0.0,0.0,0.0
mercury,1-propanol,Classic,-0.102508,0.001346,-0.088412,0.001266,0.0,0.0,0.0,0.0,Classic,0.0,0.0,0.0,0.0,0.0,0.0,0.0,0.0,0.0,0.0,0.0,0.0,0.0,0.0,0.0,0.0,0.0
mercury,teg,Classic,-0.220924,0.001693,-0.276395,0.001778,0.0,0.0,0.0,0.0,Classic,0.0,0.0,0.0,0.0,0.0,0.0,0.0,0.0,0.0,0.0,0.0,0.0,0.0,0.0,0.0,0.0,0.0
mercury,mea,Classic,0.336695,0.000305,0.333385,0.000264,0.0,0.0,0.0,0.0,Classic,0.0,0.0,0.0,0.0,0.0,0.0,0.0,0.0,0.0,0.0,0.0,0.0,0.0,0.0,0.0,0.0,0.0
mercury,mdea,Classic,0.184129,0.000491,0.04945,0.000782,0.0,0.0,0.0,0.0,Classic,0.0,0.0,0.0,0.0,0.0,0.0,0.0,0.0,0.0,0.0,0.0,0.0,0.0,0.0,0.0,0.0,0.0
